[07:42:30] [main/WARN] (FabricLoader/Knot) Class path entries reference missing files: J:\minecraft orgenal mod with GPT\polluted_world\fabric\build\resources\client - the game may not load properly!
[07:42:30] [main/INFO] (FabricLoader/GameProvider) Loading Minecraft 26.1.2 with Fabric Loader 0.18.6
[07:42:30] [main/INFO] (FabricLoader/Mappings) Mappings not present!
[07:42:30] [main/INFO] (FabricLoader) Loading 53 mods:
	- fabric-api 0.145.4+26.1.2
	- fabric-api-base 2.0.3+ece0632339
	- fabric-api-lookup-api-v1 2.0.10+d5a053b639
	- fabric-biome-api-v1 18.0.4+35c80edc39
	- fabric-block-api-v1 3.0.2+ec56b60139
	- fabric-block-getter-api-v2 2.0.6+ec56b60139
	- fabric-client-gametest-api-v1 5.0.14+9c21967139
	- fabric-command-api-v2 3.0.5+e2bdee7839
	- fabric-content-registries-v0 11.0.12+d871b99e39
	- fabric-convention-tags-v2 4.3.2+c37e6e5f39
	- fabric-crash-report-info-v1 1.0.3+9f78a5a839
	- fabric-creative-tab-api-v1 5.0.10+d871b99e39
	- fabric-data-attachment-api-v1 2.2.3+d602a89639
	- fabric-data-generation-api-v1 24.0.17+35c80edc39
	- fabric-debug-api-v1 1.0.1+c792624d39
	- fabric-dimensions-v1 5.1.4+9cbf5da539
	- fabric-entity-events-v1 5.0.2+e2bdee7839
	- fabric-events-interaction-v0 5.1.10+c82f046139
	- fabric-game-rule-api-v1 4.0.5+d871b99e39
	- fabric-gametest-api-v1 4.0.13+00a1fba639
	- fabric-item-api-v1 14.1.0+9833182c39
	- fabric-key-mapping-api-v1 2.0.4+e2bdee7839
	- fabric-lifecycle-events-v1 4.0.6+a9b9c17639
	- fabric-loot-api-v3 3.0.11+00a1fba639
	- fabric-menu-api-v1 2.0.12+d871b99e39
	- fabric-message-api-v1 7.0.5+dae8ce3e39
	- fabric-model-loading-api-v1 8.0.3+c80601bb39
	- fabric-networking-api-v1 6.3.0+50a808ce39
	- fabric-object-builder-api-v1 23.0.13+b61fef4339
	- fabric-particles-v1 5.0.14+b61fef4339
	- fabric-recipe-api-v1 9.0.13+be4b75ae39
	- fabric-registry-sync-v0 7.0.12+b61fef4339
	- fabric-renderer-api-v1 13.0.0+c80601bb39
	- fabric-renderer-indigo 8.0.2+a6be36ef39
	- fabric-rendering-fluids-v1 6.0.1+d871b99e39
	- fabric-rendering-v1 23.0.4+c7e428fd39
	- fabric-resource-conditions-api-v1 6.0.5+00a1fba639
	- fabric-resource-loader-v0 3.3.16+4fc5413f39
	- fabric-resource-loader-v1 2.0.9+d871b99e39
	- fabric-screen-api-v1 5.0.1+d871b99e39
	- fabric-serialization-api-v1 2.0.3+11a26f3139
	- fabric-sound-api-v1 2.0.4+11a26f3139
	- fabric-tag-api-v1 2.0.9+11a26f3139
	- fabric-transfer-api-v1 8.0.2+d871b99e39
	- fabric-transitive-access-wideners-v1 8.0.11+d871b99e39
	- fabricloader 0.18.6
	- java 25
	- minecraft 26.1.2
	- mixinextras 0.5.3
	- polluted_world 1.0.0
	- terrablender 26.1.2.0.2
	   |-- com_electronwill_night-config_core 3.6.7
	   \-- com_electronwill_night-config_toml 3.6.7
[07:42:30] [main/WARN] (FabricLoader/ModRemap) Runtime mod remapping disabled due to no fabric.remapClasspathFile being specified. You may need to update loom.
[07:42:30] [main/INFO] (FabricLoader/Mixin) SpongePowered MIXIN Subsystem Version=0.8.7 Source=file:/C:/Users/Owner/.gradle/caches/modules-2/files-2.1/net.fabricmc/sponge-mixin/0.17.0+mixin.0.8.7/cf31463202f72d03b0ef1e1e38e8ee71b7faaab6/sponge-mixin-0.17.0+mixin.0.8.7.jar Service=Knot/Fabric Env=CLIENT
[07:42:30] [main/INFO] (FabricLoader/Mixin) Compatibility level set to JAVA_25
[07:42:31] [main/INFO] (FabricLoader/MixinExtras|Service) Initializing MixinExtras via com.llamalad7.mixinextras.service.MixinExtrasServiceImpl(version=0.5.3).
[07:42:31] [Datafixer Bootstrap/INFO] (Minecraft) 291 Datafixer optimizations took 210 milliseconds
[07:42:34] [Render thread/INFO] (Minecraft) Environment: Environment[sessionHost=https://sessionserver.mojang.com, servicesHost=https://api.minecraftservices.com, profilesHost=https://api.mojang.com, name=PROD]
[07:42:34] [Render thread/INFO] (Minecraft) Setting user: Player55
[07:42:34] [Render thread/INFO] (terrablender) Registered region minecraft:overworld to index 0 for type OVERWORLD
[07:42:34] [Render thread/INFO] (terrablender) Registered region minecraft:nether to index 0 for type NETHER
[07:42:34] [Render thread/INFO] (terrablender) Registered region polluted_world:polluted_region to index 1 for type OVERWORLD
[07:42:34] [Render thread/INFO] (Minecraft) [STDOUT]: [PollutedWorld] Fabric init
[07:42:34] [Render thread/INFO] (Indigo) [Indigo] Registering Indigo renderer!
[07:42:35] [Download-2/ERROR] (Minecraft) Failed to fetch user properties
com.mojang.authlib.exceptions.InvalidCredentialsException: Status: 401
	at knot//com.mojang.authlib.exceptions.MinecraftClientHttpException.toAuthenticationException(MinecraftClientHttpException.java:59)
	at knot//com.mojang.authlib.yggdrasil.YggdrasilUserApiService.fetchProperties(YggdrasilUserApiService.java:150)
	at knot//net.minecraft.client.Minecraft.lambda$new$1(Minecraft.java:459)
	at java.base/java.util.concurrent.CompletableFuture$AsyncSupply.run$$$capture(CompletableFuture.java:1789)
	at java.base/java.util.concurrent.CompletableFuture$AsyncSupply.run(CompletableFuture.java)
	at java.base/java.util.concurrent.ThreadPoolExecutor.runWorker(ThreadPoolExecutor.java:1090)
	at java.base/java.util.concurrent.ThreadPoolExecutor$Worker.run(ThreadPoolExecutor.java:614)
	at java.base/java.lang.Thread.run(Thread.java:1474)
Caused by: com.mojang.authlib.exceptions.MinecraftClientHttpException: Status: 401
	at knot//com.mojang.authlib.minecraft.client.MinecraftClient.readInputStream(MinecraftClient.java:103)
	at knot//com.mojang.authlib.minecraft.client.MinecraftClient.get(MinecraftClient.java:56)
	at knot//com.mojang.authlib.yggdrasil.YggdrasilUserApiService.fetchProperties(YggdrasilUserApiService.java:121)
	... 6 more
[07:42:35] [Render thread/INFO] (Minecraft) Backend library: LWJGL version 3.4.1-snapshot
[07:42:35] [Render thread/INFO] (Minecraft) Using optional rendering extensions: GL_ARB_buffer_storage, GL_KHR_debug, GL_ARB_vertex_attrib_binding, GL_ARB_direct_state_access, GL_EXT_texture_filter_anisotropic
[07:42:36] [Render thread/INFO] (Minecraft) Reloading ResourceManager: vanilla, fabric-api, fabric-api-base, fabric-api-lookup-api-v1, fabric-biome-api-v1, fabric-block-api-v1, fabric-block-getter-api-v2, fabric-client-gametest-api-v1, fabric-command-api-v2, fabric-content-registries-v0, fabric-convention-tags-v2, fabric-crash-report-info-v1, fabric-creative-tab-api-v1, fabric-data-attachment-api-v1, fabric-data-generation-api-v1, fabric-debug-api-v1, fabric-dimensions-v1, fabric-entity-events-v1, fabric-events-interaction-v0, fabric-game-rule-api-v1, fabric-gametest-api-v1, fabric-item-api-v1, fabric-key-mapping-api-v1, fabric-lifecycle-events-v1, fabric-loot-api-v3, fabric-menu-api-v1, fabric-message-api-v1, fabric-model-loading-api-v1, fabric-networking-api-v1, fabric-object-builder-api-v1, fabric-particles-v1, fabric-recipe-api-v1, fabric-registry-sync-v0, fabric-renderer-api-v1, fabric-renderer-indigo, fabric-rendering-fluids-v1, fabric-rendering-v1, fabric-resource-conditions-api-v1, fabric-resource-loader-v0, fabric-resource-loader-v1, fabric-screen-api-v1, fabric-serialization-api-v1, fabric-sound-api-v1, fabric-tag-api-v1, fabric-transfer-api-v1, fabric-transitive-access-wideners-v1, fabricloader, polluted_world, terrablender
[07:42:36] [Download-2/INFO] (Minecraft) Could not authorize you against Realms server: java.lang.RuntimeException: Failed to parse into SignedJWT: FabricMC
[07:42:36] [Download-2/ERROR] (Minecraft) Failed to fetch Realms feature flags
com.mojang.realmsclient.exception.RealmsServiceException: Realms authentication error with message 'java.lang.RuntimeException: Failed to parse into SignedJWT: FabricMC'
	at knot//com.mojang.realmsclient.client.RealmsClient.execute(RealmsClient.java:526)
	at knot//com.mojang.realmsclient.client.RealmsClient.fetchFeatureFlags(RealmsClient.java:186)
	at java.base/java.util.concurrent.CompletableFuture$AsyncSupply.run$$$capture(CompletableFuture.java:1789)
	at java.base/java.util.concurrent.CompletableFuture$AsyncSupply.run(CompletableFuture.java)
	at java.base/java.util.concurrent.ThreadPoolExecutor.runWorker(ThreadPoolExecutor.java:1090)
	at java.base/java.util.concurrent.ThreadPoolExecutor$Worker.run(ThreadPoolExecutor.java:614)
	at java.base/java.lang.Thread.run(Thread.java:1474)
[07:42:36] [Worker-Main-10/INFO] (Minecraft) Found unifont_all_no_pua-17.0.01.hex, loading
[07:42:36] [Worker-Main-5/INFO] (Minecraft) Found unifont_pua-17.0.01.hex, loading
[07:42:36] [Worker-Main-6/INFO] (Minecraft) Found unifont_jp_patch-17.0.01.hex, loading
[07:42:36] [Render thread/INFO] (Minecraft) OpenAL initialized on device OpenAL Soft on スピーカー (USB PnP Audio Device)
[07:42:36] [Render thread/INFO] (Minecraft) Sound engine started
[07:42:36] [Render thread/INFO] (Minecraft) Created: 512x256x0 minecraft:textures/atlas/particles.png-atlas
[07:42:36] [Render thread/INFO] (Minecraft) Created: 128x128x0 minecraft:textures/atlas/decorated_pot.png-atlas
[07:42:36] [Render thread/INFO] (Minecraft) Created: 2048x1024x0 minecraft:textures/atlas/armor_trims.png-atlas
[07:42:36] [Render thread/INFO] (Minecraft) Created: 512x256x0 minecraft:textures/atlas/paintings.png-atlas
[07:42:36] [Render thread/INFO] (Minecraft) Created: 1024x512x0 minecraft:textures/atlas/shield_patterns.png-atlas
[07:42:36] [Render thread/INFO] (Minecraft) Created: 2048x2048x4 minecraft:textures/atlas/blocks.png-atlas
[07:42:36] [Render thread/INFO] (Minecraft) Created: 512x512x0 minecraft:textures/atlas/chest.png-atlas
[07:42:36] [Render thread/INFO] (Minecraft) Created: 256x128x0 minecraft:textures/atlas/celestials.png-atlas
[07:42:36] [Render thread/INFO] (Minecraft) Created: 1024x512x0 minecraft:textures/atlas/banner_patterns.png-atlas
[07:42:36] [Render thread/INFO] (Minecraft) Created: 512x512x0 minecraft:textures/atlas/beds.png-atlas
[07:42:36] [Render thread/INFO] (Minecraft) Created: 1024x512x0 minecraft:textures/atlas/items.png-atlas
[07:42:36] [Render thread/INFO] (Minecraft) Created: 1024x1024x0 minecraft:textures/atlas/gui.png-atlas
[07:42:36] [Render thread/INFO] (Minecraft) Created: 128x64x0 minecraft:textures/atlas/map_decorations.png-atlas
[07:42:36] [Render thread/INFO] (Minecraft) Created: 512x256x0 minecraft:textures/atlas/signs.png-atlas
[07:42:36] [Render thread/INFO] (Minecraft) Created: 512x512x0 minecraft:textures/atlas/shulker_boxes.png-atlas
[07:42:37] [IO-Worker-1/INFO] (Minecraft) Could not authorize you against Realms server: java.lang.RuntimeException: Failed to parse into SignedJWT: FabricMC
[07:42:37] [IO-Worker-1/ERROR] (Minecraft) Couldn't connect to realms
com.mojang.realmsclient.exception.RealmsServiceException: Realms authentication error with message 'java.lang.RuntimeException: Failed to parse into SignedJWT: FabricMC'
	at knot//com.mojang.realmsclient.client.RealmsClient.execute(RealmsClient.java:526)
	at knot//com.mojang.realmsclient.client.RealmsClient.clientCompatible(RealmsClient.java:307)
	at knot//com.mojang.realmsclient.RealmsAvailability.lambda$check$0(RealmsAvailability.java:48)
	at java.base/java.util.concurrent.CompletableFuture$AsyncSupply.run$$$capture(CompletableFuture.java:1789)
	at java.base/java.util.concurrent.CompletableFuture$AsyncSupply.run(CompletableFuture.java)
	at java.base/java.util.concurrent.ThreadPoolExecutor.runWorker(ThreadPoolExecutor.java:1090)
	at java.base/java.util.concurrent.ThreadPoolExecutor$Worker.run(ThreadPoolExecutor.java:614)
	at java.base/java.lang.Thread.run(Thread.java:1474)
[07:42:42] [Render thread/INFO] (Minecraft) Loaded 1520 recipes
[07:42:42] [Render thread/INFO] (Minecraft) Loaded 1617 advancements
[07:42:44] [Render thread/INFO] (terrablender) Initialized TerraBlender biomes for level stem minecraft:overworld
[07:42:44] [Render thread/INFO] (terrablender) Initialized TerraBlender biomes for level stem minecraft:the_nether
[07:42:44] [Render thread/INFO] (BiomeModificationImpl) Applied 0 biome modifications to 0 of 69 new biomes in 665.0 μs
[07:42:44] [Server thread/INFO] (Minecraft) Starting integrated minecraft server version 26.1.2
[07:42:44] [Server thread/INFO] (Minecraft) Generating keypair
[07:42:45] [Server thread/INFO] (Minecraft) Selecting global world spawn...
[07:42:46] [Server thread/INFO] (Minecraft) Loading 0 persistent chunks...
[07:42:46] [Server thread/INFO] (Minecraft) スポーン地点を準備中：16%
[07:42:46] [Server thread/INFO] (Minecraft) Saving chunks for level 'ServerLevel[新規ワールド]'/minecraft:overworld
[07:42:46] [Server thread/INFO] (Minecraft) Saving chunks for level 'ServerLevel[新規ワールド]'/minecraft:the_end
[07:42:46] [Server thread/INFO] (Minecraft) Saving chunks for level 'ServerLevel[新規ワールド]'/minecraft:the_nether
[07:42:47] [Server thread/INFO] (Minecraft) ThreadedAnvilChunkStorage (world): All chunks are saved
[07:42:47] [Server thread/INFO] (Minecraft) ThreadedAnvilChunkStorage (DIM1): All chunks are saved
[07:42:47] [Server thread/INFO] (Minecraft) ThreadedAnvilChunkStorage (DIM-1): All chunks are saved
[07:42:47] [Server thread/INFO] (Minecraft) ThreadedAnvilChunkStorage: All dimensions are saved
[07:42:47] [Server thread/INFO] (Minecraft) Loading 47 chunks for player spawn...
[07:42:47] [Server thread/INFO] (Minecraft) スポーン地点を準備中：16%
[07:42:47] [Server thread/INFO] (Minecraft) スポーン地点を準備中：16%
[07:42:47] [Server thread/INFO] (Minecraft) スポーン地点を準備中：16%
[07:42:47] [Server thread/INFO] (Minecraft) スポーン地点を準備中：16%
[07:42:47] [Server thread/INFO] (Minecraft) スポーン地点を準備中：16%
[07:42:48] [Server thread/INFO] (Minecraft) スポーン地点を準備中：45%
[07:42:48] [Server thread/INFO] (Minecraft) スポーン地点を準備中：100%
[07:42:48] [Server thread/INFO] (Minecraft) Time elapsed: 3541 ms
[07:42:48] [Server thread/INFO] (Minecraft) Player55[local:E:feed2878] logged in with entity id 1 at (-86.5, 63.0, -149.5)
[07:42:48] [Server thread/INFO] (Minecraft) Player55がゲームに参加しました
[07:42:48] [Render thread/INFO] (Minecraft) Loaded 2 advancements
[07:42:48] [Server thread/INFO] (Minecraft) [STDOUT]: [PollutedWorld] Start unit chain surface=BlockPos{x=-91, y=65, z=-155} origin=BlockPos{x=-104, y=34, z=-210}
[07:42:48] [Render thread/INFO] (Minecraft) Resizing Dynamic Transforms UBO, capacity limit of 2 reached during a single frame. New capacity will be 4.
[07:42:49] [Render thread/INFO] (Minecraft) Resizing Dynamic Transforms UBO, capacity limit of 4 reached during a single frame. New capacity will be 8.
[07:42:49] [Render thread/INFO] (Minecraft) Resizing Chunk Sections UBO, capacity limit of 2 reached during a single frame. New capacity will be 4.
[07:42:49] [Render thread/INFO] (Minecraft) Resizing Chunk Sections UBO, capacity limit of 4 reached during a single frame. New capacity will be 8.
[07:42:49] [Render thread/INFO] (Minecraft) Resizing Chunk Sections UBO, capacity limit of 8 reached during a single frame. New capacity will be 16.
[07:42:50] [Server thread/ERROR] (Minecraft) Block-attached entity at invalid position: BlockPos{x=-34, y=111, z=-105}
[07:42:51] [Server thread/INFO] (Minecraft) [STDOUT]: [PollutedWorld] Station physical lanes westIn=BlockPos{x=-100, y=35, z=-296} westOut=BlockPos{x=-100, y=35, z=-114} eastIn=BlockPos{x=-83, y=35, z=-296} eastOut=BlockPos{x=-83, y=35, z=-114}
[07:42:51] [Server thread/INFO] (Minecraft) [STDOUT]: [PollutedWorld] Middle lanes still collide spread=0 westBounds=UnitBounds[name=middle_west_lane_candidate, minX=-97, minY=19, minZ=-51, maxX=-89, maxY=41, maxZ=-19, margin=8] eastBounds=UnitBounds[name=middle_east_lane_candidate, minX=-80, minY=19, minZ=-51, maxX=-72, maxY=41, maxZ=-19, margin=8]
[07:42:51] [Server thread/INFO] (Minecraft) [STDOUT]: [PollutedWorld] Middle lanes separated spread=4 westConnect=BlockPos{x=-104, y=35, z=-82} eastConnect=BlockPos{x=-79, y=35, z=-82} westBounds=UnitBounds[name=middle_west_lane_candidate, minX=-101, minY=19, minZ=-51, maxX=-93, maxY=41, maxZ=-19, margin=8] eastBounds=UnitBounds[name=middle_east_lane_candidate, minX=-76, minY=19, minZ=-51, maxX=-68, maxY=41, maxZ=-19, margin=8]
[07:42:51] [Server thread/INFO] (Minecraft) [STDOUT]: [PollutedWorld] Middle lanes still collide spread=0 westBounds=UnitBounds[name=middle_west_lane_candidate, minX=-97, minY=19, minZ=-51, maxX=-89, maxY=41, maxZ=-19, margin=8] eastBounds=UnitBounds[name=middle_east_lane_candidate, minX=-80, minY=19, minZ=-51, maxX=-72, maxY=41, maxZ=-19, margin=8]
[07:42:51] [Server thread/INFO] (Minecraft) [STDOUT]: [PollutedWorld] Middle lanes separated spread=4 westConnect=BlockPos{x=-104, y=35, z=-82} eastConnect=BlockPos{x=-79, y=35, z=-82} westBounds=UnitBounds[name=middle_west_lane_candidate, minX=-101, minY=19, minZ=-51, maxX=-93, maxY=41, maxZ=-19, margin=8] eastBounds=UnitBounds[name=middle_east_lane_candidate, minX=-76, minY=19, minZ=-51, maxX=-68, maxY=41, maxZ=-19, margin=8]
[07:42:51] [Server thread/INFO] (Minecraft) [STDOUT]: [PollutedWorld] Middle lanes still collide spread=0 westBounds=UnitBounds[name=middle_west_lane_candidate, minX=-97, minY=19, minZ=-51, maxX=-89, maxY=41, maxZ=-19, margin=8] eastBounds=UnitBounds[name=middle_east_lane_candidate, minX=-80, minY=19, minZ=-51, maxX=-72, maxY=41, maxZ=-19, margin=8]
[07:42:51] [Server thread/INFO] (Minecraft) [STDOUT]: [PollutedWorld] Middle lanes separated spread=4 westConnect=BlockPos{x=-104, y=35, z=-82} eastConnect=BlockPos{x=-79, y=35, z=-82} westBounds=UnitBounds[name=middle_west_lane_candidate, minX=-101, minY=19, minZ=-51, maxX=-93, maxY=41, maxZ=-19, margin=8] eastBounds=UnitBounds[name=middle_east_lane_candidate, minX=-76, minY=19, minZ=-51, maxX=-68, maxY=41, maxZ=-19, margin=8]
[07:42:51] [Server thread/INFO] (Minecraft) [STDOUT]: [PollutedWorld] Middle lanes still collide spread=0 westBounds=UnitBounds[name=middle_west_lane_candidate, minX=-97, minY=19, minZ=-51, maxX=-89, maxY=41, maxZ=-19, margin=8] eastBounds=UnitBounds[name=middle_east_lane_candidate, minX=-80, minY=19, minZ=-51, maxX=-72, maxY=41, maxZ=-19, margin=8]
[07:42:51] [Server thread/INFO] (Minecraft) [STDOUT]: [PollutedWorld] Middle lanes separated spread=4 westConnect=BlockPos{x=-104, y=35, z=-82} eastConnect=BlockPos{x=-79, y=35, z=-82} westBounds=UnitBounds[name=middle_west_lane_candidate, minX=-101, minY=19, minZ=-51, maxX=-93, maxY=41, maxZ=-19, margin=8] eastBounds=UnitBounds[name=middle_east_lane_candidate, minX=-76, minY=19, minZ=-51, maxX=-68, maxY=41, maxZ=-19, margin=8]
[07:42:51] [Server thread/INFO] (Minecraft) [STDOUT]: [PollutedWorld] Middle lanes still collide spread=0 westBounds=UnitBounds[name=middle_west_lane_candidate, minX=-97, minY=19, minZ=-51, maxX=-89, maxY=41, maxZ=-19, margin=8] eastBounds=UnitBounds[name=middle_east_lane_candidate, minX=-80, minY=19, minZ=-51, maxX=-72, maxY=41, maxZ=-19, margin=8]
[07:42:51] [Server thread/INFO] (Minecraft) [STDOUT]: [PollutedWorld] Middle lanes separated spread=4 westConnect=BlockPos{x=-104, y=35, z=-82} eastConnect=BlockPos{x=-79, y=35, z=-82} westBounds=UnitBounds[name=middle_west_lane_candidate, minX=-101, minY=19, minZ=-51, maxX=-93, maxY=41, maxZ=-19, margin=8] eastBounds=UnitBounds[name=middle_east_lane_candidate, minX=-76, minY=19, minZ=-51, maxX=-68, maxY=41, maxZ=-19, margin=8]
[07:42:51] [Server thread/INFO] (Minecraft) [STDOUT]: [PollutedWorld] Middle lanes still collide spread=0 westBounds=UnitBounds[name=middle_west_lane_candidate, minX=-97, minY=19, minZ=-51, maxX=-89, maxY=41, maxZ=-19, margin=8] eastBounds=UnitBounds[name=middle_east_lane_candidate, minX=-80, minY=19, minZ=-51, maxX=-72, maxY=41, maxZ=-19, margin=8]
[07:42:51] [Server thread/INFO] (Minecraft) [STDOUT]: [PollutedWorld] Middle lanes separated spread=4 westConnect=BlockPos{x=-104, y=35, z=-82} eastConnect=BlockPos{x=-79, y=35, z=-82} westBounds=UnitBounds[name=middle_west_lane_candidate, minX=-101, minY=19, minZ=-51, maxX=-93, maxY=41, maxZ=-19, margin=8] eastBounds=UnitBounds[name=middle_east_lane_candidate, minX=-76, minY=19, minZ=-51, maxX=-68, maxY=41, maxZ=-19, margin=8]
[07:42:51] [Server thread/INFO] (Minecraft) [STDOUT]: [PollutedWorld] Middle lanes still collide spread=0 westBounds=UnitBounds[name=middle_west_lane_candidate, minX=-97, minY=19, minZ=-51, maxX=-89, maxY=41, maxZ=-19, margin=8] eastBounds=UnitBounds[name=middle_east_lane_candidate, minX=-80, minY=19, minZ=-51, maxX=-72, maxY=41, maxZ=-19, margin=8]
[07:42:51] [Server thread/INFO] (Minecraft) [STDOUT]: [PollutedWorld] Middle lanes separated spread=4 westConnect=BlockPos{x=-104, y=35, z=-82} eastConnect=BlockPos{x=-79, y=35, z=-82} westBounds=UnitBounds[name=middle_west_lane_candidate, minX=-101, minY=19, minZ=-51, maxX=-93, maxY=41, maxZ=-19, margin=8] eastBounds=UnitBounds[name=middle_east_lane_candidate, minX=-76, minY=19, minZ=-51, maxX=-68, maxY=41, maxZ=-19, margin=8]
[07:42:51] [Server thread/INFO] (Minecraft) [STDOUT]: [PollutedWorld] Middle lanes still collide spread=0 westBounds=UnitBounds[name=middle_west_lane_candidate, minX=-97, minY=19, minZ=-51, maxX=-89, maxY=41, maxZ=-19, margin=8] eastBounds=UnitBounds[name=middle_east_lane_candidate, minX=-80, minY=19, minZ=-51, maxX=-72, maxY=41, maxZ=-19, margin=8]
[07:42:51] [Server thread/INFO] (Minecraft) [STDOUT]: [PollutedWorld] Middle lanes separated spread=4 westConnect=BlockPos{x=-104, y=35, z=-82} eastConnect=BlockPos{x=-79, y=35, z=-82} westBounds=UnitBounds[name=middle_west_lane_candidate, minX=-101, minY=19, minZ=-51, maxX=-93, maxY=41, maxZ=-19, margin=8] eastBounds=UnitBounds[name=middle_east_lane_candidate, minX=-76, minY=19, minZ=-51, maxX=-68, maxY=41, maxZ=-19, margin=8]
[07:42:51] [Server thread/INFO] (Minecraft) [STDOUT]: [PollutedWorld] Middle lanes still collide spread=0 westBounds=UnitBounds[name=middle_west_lane_candidate, minX=-97, minY=19, minZ=-51, maxX=-89, maxY=41, maxZ=-19, margin=8] eastBounds=UnitBounds[name=middle_east_lane_candidate, minX=-80, minY=19, minZ=-51, maxX=-72, maxY=41, maxZ=-19, margin=8]
[07:42:51] [Server thread/INFO] (Minecraft) [STDOUT]: [PollutedWorld] Middle lanes separated spread=4 westConnect=BlockPos{x=-104, y=35, z=-82} eastConnect=BlockPos{x=-79, y=35, z=-82} westBounds=UnitBounds[name=middle_west_lane_candidate, minX=-101, minY=19, minZ=-51, maxX=-93, maxY=41, maxZ=-19, margin=8] eastBounds=UnitBounds[name=middle_east_lane_candidate, minX=-76, minY=19, minZ=-51, maxX=-68, maxY=41, maxZ=-19, margin=8]
[07:42:51] [Server thread/INFO] (Minecraft) [STDOUT]: [PollutedWorld] Middle lanes still collide spread=0 westBounds=UnitBounds[name=middle_west_lane_candidate, minX=-97, minY=19, minZ=-51, maxX=-89, maxY=41, maxZ=-19, margin=8] eastBounds=UnitBounds[name=middle_east_lane_candidate, minX=-80, minY=19, minZ=-51, maxX=-72, maxY=41, maxZ=-19, margin=8]
[07:42:51] [Server thread/INFO] (Minecraft) [STDOUT]: [PollutedWorld] Middle lanes separated spread=4 westConnect=BlockPos{x=-104, y=35, z=-82} eastConnect=BlockPos{x=-79, y=35, z=-82} westBounds=UnitBounds[name=middle_west_lane_candidate, minX=-101, minY=19, minZ=-51, maxX=-93, maxY=41, maxZ=-19, margin=8] eastBounds=UnitBounds[name=middle_east_lane_candidate, minX=-76, minY=19, minZ=-51, maxX=-68, maxY=41, maxZ=-19, margin=8]
[07:42:51] [Server thread/INFO] (Minecraft) [STDOUT]: [PollutedWorld] Middle lanes still collide spread=0 westBounds=UnitBounds[name=middle_west_lane_candidate, minX=-97, minY=19, minZ=-51, maxX=-89, maxY=41, maxZ=-19, margin=8] eastBounds=UnitBounds[name=middle_east_lane_candidate, minX=-80, minY=19, minZ=-51, maxX=-72, maxY=41, maxZ=-19, margin=8]
[07:42:51] [Server thread/INFO] (Minecraft) [STDOUT]: [PollutedWorld] Middle lanes separated spread=4 westConnect=BlockPos{x=-104, y=35, z=-82} eastConnect=BlockPos{x=-79, y=35, z=-82} westBounds=UnitBounds[name=middle_west_lane_candidate, minX=-101, minY=19, minZ=-51, maxX=-93, maxY=41, maxZ=-19, margin=8] eastBounds=UnitBounds[name=middle_east_lane_candidate, minX=-76, minY=19, minZ=-51, maxX=-68, maxY=41, maxZ=-19, margin=8]
[07:42:51] [Server thread/INFO] (Minecraft) [STDOUT]: [PollutedWorld] Middle lanes still collide spread=0 westBounds=UnitBounds[name=middle_west_lane_candidate, minX=-97, minY=19, minZ=-51, maxX=-89, maxY=41, maxZ=-19, margin=8] eastBounds=UnitBounds[name=middle_east_lane_candidate, minX=-80, minY=19, minZ=-51, maxX=-72, maxY=41, maxZ=-19, margin=8]
[07:42:51] [Server thread/INFO] (Minecraft) [STDOUT]: [PollutedWorld] Middle lanes separated spread=4 westConnect=BlockPos{x=-104, y=35, z=-82} eastConnect=BlockPos{x=-79, y=35, z=-82} westBounds=UnitBounds[name=middle_west_lane_candidate, minX=-101, minY=19, minZ=-51, maxX=-93, maxY=41, maxZ=-19, margin=8] eastBounds=UnitBounds[name=middle_east_lane_candidate, minX=-76, minY=19, minZ=-51, maxX=-68, maxY=41, maxZ=-19, margin=8]
[07:42:51] [Server thread/INFO] (Minecraft) [STDOUT]: [PollutedWorld] Middle lanes still collide spread=0 westBounds=UnitBounds[name=middle_west_lane_candidate, minX=-97, minY=19, minZ=-51, maxX=-89, maxY=41, maxZ=-19, margin=8] eastBounds=UnitBounds[name=middle_east_lane_candidate, minX=-80, minY=19, minZ=-51, maxX=-72, maxY=41, maxZ=-19, margin=8]
[07:42:51] [Server thread/INFO] (Minecraft) [STDOUT]: [PollutedWorld] Middle lanes separated spread=4 westConnect=BlockPos{x=-104, y=35, z=-82} eastConnect=BlockPos{x=-79, y=35, z=-82} westBounds=UnitBounds[name=middle_west_lane_candidate, minX=-101, minY=19, minZ=-51, maxX=-93, maxY=41, maxZ=-19, margin=8] eastBounds=UnitBounds[name=middle_east_lane_candidate, minX=-76, minY=19, minZ=-51, maxX=-68, maxY=41, maxZ=-19, margin=8]
[07:42:51] [Server thread/INFO] (Minecraft) [STDOUT]: [PollutedWorld] Middle lanes still collide spread=0 westBounds=UnitBounds[name=middle_west_lane_candidate, minX=-97, minY=19, minZ=-51, maxX=-89, maxY=41, maxZ=-19, margin=8] eastBounds=UnitBounds[name=middle_east_lane_candidate, minX=-80, minY=19, minZ=-51, maxX=-72, maxY=41, maxZ=-19, margin=8]
[07:42:51] [Server thread/INFO] (Minecraft) [STDOUT]: [PollutedWorld] Middle lanes separated spread=4 westConnect=BlockPos{x=-104, y=35, z=-82} eastConnect=BlockPos{x=-79, y=35, z=-82} westBounds=UnitBounds[name=middle_west_lane_candidate, minX=-101, minY=19, minZ=-51, maxX=-93, maxY=41, maxZ=-19, margin=8] eastBounds=UnitBounds[name=middle_east_lane_candidate, minX=-76, minY=19, minZ=-51, maxX=-68, maxY=41, maxZ=-19, margin=8]
[07:42:51] [Server thread/INFO] (Minecraft) [STDOUT]: [PollutedWorld] Middle lanes still collide spread=0 westBounds=UnitBounds[name=middle_west_lane_candidate, minX=-97, minY=19, minZ=-51, maxX=-89, maxY=41, maxZ=-19, margin=8] eastBounds=UnitBounds[name=middle_east_lane_candidate, minX=-80, minY=19, minZ=-51, maxX=-72, maxY=41, maxZ=-19, margin=8]
[07:42:51] [Server thread/INFO] (Minecraft) [STDOUT]: [PollutedWorld] Middle lanes separated spread=4 westConnect=BlockPos{x=-104, y=35, z=-82} eastConnect=BlockPos{x=-79, y=35, z=-82} westBounds=UnitBounds[name=middle_west_lane_candidate, minX=-101, minY=19, minZ=-51, maxX=-93, maxY=41, maxZ=-19, margin=8] eastBounds=UnitBounds[name=middle_east_lane_candidate, minX=-76, minY=19, minZ=-51, maxX=-68, maxY=41, maxZ=-19, margin=8]
[07:42:51] [Server thread/INFO] (Minecraft) [STDOUT]: [PollutedWorld] Middle lanes still collide spread=0 westBounds=UnitBounds[name=middle_west_lane_candidate, minX=-97, minY=19, minZ=-51, maxX=-89, maxY=41, maxZ=-19, margin=8] eastBounds=UnitBounds[name=middle_east_lane_candidate, minX=-80, minY=19, minZ=-51, maxX=-72, maxY=41, maxZ=-19, margin=8]
[07:42:51] [Server thread/INFO] (Minecraft) [STDOUT]: [PollutedWorld] Middle lanes separated spread=4 westConnect=BlockPos{x=-104, y=35, z=-82} eastConnect=BlockPos{x=-79, y=35, z=-82} westBounds=UnitBounds[name=middle_west_lane_candidate, minX=-101, minY=19, minZ=-51, maxX=-93, maxY=41, maxZ=-19, margin=8] eastBounds=UnitBounds[name=middle_east_lane_candidate, minX=-76, minY=19, minZ=-51, maxX=-68, maxY=41, maxZ=-19, margin=8]
[07:42:51] [Server thread/INFO] (Minecraft) [STDOUT]: [PollutedWorld] Middle lanes still collide spread=0 westBounds=UnitBounds[name=middle_west_lane_candidate, minX=-97, minY=19, minZ=-51, maxX=-89, maxY=41, maxZ=-19, margin=8] eastBounds=UnitBounds[name=middle_east_lane_candidate, minX=-80, minY=19, minZ=-51, maxX=-72, maxY=41, maxZ=-19, margin=8]
[07:42:51] [Server thread/INFO] (Minecraft) [STDOUT]: [PollutedWorld] Middle lanes separated spread=4 westConnect=BlockPos{x=-104, y=35, z=-82} eastConnect=BlockPos{x=-79, y=35, z=-82} westBounds=UnitBounds[name=middle_west_lane_candidate, minX=-101, minY=19, minZ=-51, maxX=-93, maxY=41, maxZ=-19, margin=8] eastBounds=UnitBounds[name=middle_east_lane_candidate, minX=-76, minY=19, minZ=-51, maxX=-68, maxY=41, maxZ=-19, margin=8]
[07:42:51] [Server thread/INFO] (Minecraft) [STDOUT]: [PollutedWorld] Middle lanes still collide spread=0 westBounds=UnitBounds[name=middle_west_lane_candidate, minX=-97, minY=19, minZ=-51, maxX=-89, maxY=41, maxZ=-19, margin=8] eastBounds=UnitBounds[name=middle_east_lane_candidate, minX=-80, minY=19, minZ=-51, maxX=-72, maxY=41, maxZ=-19, margin=8]
[07:42:51] [Server thread/INFO] (Minecraft) [STDOUT]: [PollutedWorld] Middle lanes separated spread=4 westConnect=BlockPos{x=-104, y=35, z=-82} eastConnect=BlockPos{x=-79, y=35, z=-82} westBounds=UnitBounds[name=middle_west_lane_candidate, minX=-101, minY=19, minZ=-51, maxX=-93, maxY=41, maxZ=-19, margin=8] eastBounds=UnitBounds[name=middle_east_lane_candidate, minX=-76, minY=19, minZ=-51, maxX=-68, maxY=41, maxZ=-19, margin=8]
[07:42:51] [Server thread/INFO] (Minecraft) [STDOUT]: [PollutedWorld] Middle lanes still collide spread=0 westBounds=UnitBounds[name=middle_west_lane_candidate, minX=-97, minY=19, minZ=-51, maxX=-89, maxY=41, maxZ=-19, margin=8] eastBounds=UnitBounds[name=middle_east_lane_candidate, minX=-80, minY=19, minZ=-51, maxX=-72, maxY=41, maxZ=-19, margin=8]
[07:42:51] [Server thread/INFO] (Minecraft) [STDOUT]: [PollutedWorld] Middle lanes separated spread=4 westConnect=BlockPos{x=-104, y=35, z=-82} eastConnect=BlockPos{x=-79, y=35, z=-82} westBounds=UnitBounds[name=middle_west_lane_candidate, minX=-101, minY=19, minZ=-51, maxX=-93, maxY=41, maxZ=-19, margin=8] eastBounds=UnitBounds[name=middle_east_lane_candidate, minX=-76, minY=19, minZ=-51, maxX=-68, maxY=41, maxZ=-19, margin=8]
[07:42:51] [Server thread/INFO] (Minecraft) [STDOUT]: [PollutedWorld] Middle lanes still collide spread=0 westBounds=UnitBounds[name=middle_west_lane_candidate, minX=-97, minY=19, minZ=-51, maxX=-89, maxY=41, maxZ=-19, margin=8] eastBounds=UnitBounds[name=middle_east_lane_candidate, minX=-80, minY=19, minZ=-51, maxX=-72, maxY=41, maxZ=-19, margin=8]
[07:42:51] [Server thread/INFO] (Minecraft) [STDOUT]: [PollutedWorld] Middle lanes separated spread=4 westConnect=BlockPos{x=-104, y=35, z=-82} eastConnect=BlockPos{x=-79, y=35, z=-82} westBounds=UnitBounds[name=middle_west_lane_candidate, minX=-101, minY=19, minZ=-51, maxX=-93, maxY=41, maxZ=-19, margin=8] eastBounds=UnitBounds[name=middle_east_lane_candidate, minX=-76, minY=19, minZ=-51, maxX=-68, maxY=41, maxZ=-19, margin=8]
[07:42:51] [Server thread/INFO] (Minecraft) [STDOUT]: [PollutedWorld] Middle lanes still collide spread=0 westBounds=UnitBounds[name=middle_west_lane_candidate, minX=-97, minY=19, minZ=-51, maxX=-89, maxY=41, maxZ=-19, margin=8] eastBounds=UnitBounds[name=middle_east_lane_candidate, minX=-80, minY=19, minZ=-51, maxX=-72, maxY=41, maxZ=-19, margin=8]
[07:42:51] [Server thread/INFO] (Minecraft) [STDOUT]: [PollutedWorld] Middle lanes separated spread=4 westConnect=BlockPos{x=-104, y=35, z=-82} eastConnect=BlockPos{x=-79, y=35, z=-82} westBounds=UnitBounds[name=middle_west_lane_candidate, minX=-101, minY=19, minZ=-51, maxX=-93, maxY=41, maxZ=-19, margin=8] eastBounds=UnitBounds[name=middle_east_lane_candidate, minX=-76, minY=19, minZ=-51, maxX=-68, maxY=41, maxZ=-19, margin=8]
[07:42:51] [Server thread/INFO] (Minecraft) [STDOUT]: [PollutedWorld] Middle lanes still collide spread=0 westBounds=UnitBounds[name=middle_west_lane_candidate, minX=-97, minY=19, minZ=-51, maxX=-89, maxY=41, maxZ=-19, margin=8] eastBounds=UnitBounds[name=middle_east_lane_candidate, minX=-80, minY=19, minZ=-51, maxX=-72, maxY=41, maxZ=-19, margin=8]
[07:42:51] [Server thread/INFO] (Minecraft) [STDOUT]: [PollutedWorld] Middle lanes separated spread=4 westConnect=BlockPos{x=-104, y=35, z=-82} eastConnect=BlockPos{x=-79, y=35, z=-82} westBounds=UnitBounds[name=middle_west_lane_candidate, minX=-101, minY=19, minZ=-51, maxX=-93, maxY=41, maxZ=-19, margin=8] eastBounds=UnitBounds[name=middle_east_lane_candidate, minX=-76, minY=19, minZ=-51, maxX=-68, maxY=41, maxZ=-19, margin=8]
[07:42:51] [Server thread/INFO] (Minecraft) [STDOUT]: [PollutedWorld] Middle lanes still collide spread=0 westBounds=UnitBounds[name=middle_west_lane_candidate, minX=-97, minY=19, minZ=-51, maxX=-89, maxY=41, maxZ=-19, margin=8] eastBounds=UnitBounds[name=middle_east_lane_candidate, minX=-80, minY=19, minZ=-51, maxX=-72, maxY=41, maxZ=-19, margin=8]
[07:42:51] [Server thread/INFO] (Minecraft) [STDOUT]: [PollutedWorld] Middle lanes separated spread=4 westConnect=BlockPos{x=-104, y=35, z=-82} eastConnect=BlockPos{x=-79, y=35, z=-82} westBounds=UnitBounds[name=middle_west_lane_candidate, minX=-101, minY=19, minZ=-51, maxX=-93, maxY=41, maxZ=-19, margin=8] eastBounds=UnitBounds[name=middle_east_lane_candidate, minX=-76, minY=19, minZ=-51, maxX=-68, maxY=41, maxZ=-19, margin=8]
[07:42:51] [Server thread/INFO] (Minecraft) [STDOUT]: [PollutedWorld] Middle lanes still collide spread=0 westBounds=UnitBounds[name=middle_west_lane_candidate, minX=-97, minY=19, minZ=-51, maxX=-89, maxY=41, maxZ=-19, margin=8] eastBounds=UnitBounds[name=middle_east_lane_candidate, minX=-80, minY=19, minZ=-51, maxX=-72, maxY=41, maxZ=-19, margin=8]
[07:42:51] [Server thread/INFO] (Minecraft) [STDOUT]: [PollutedWorld] Middle lanes separated spread=4 westConnect=BlockPos{x=-104, y=35, z=-82} eastConnect=BlockPos{x=-79, y=35, z=-82} westBounds=UnitBounds[name=middle_west_lane_candidate, minX=-101, minY=19, minZ=-51, maxX=-93, maxY=41, maxZ=-19, margin=8] eastBounds=UnitBounds[name=middle_east_lane_candidate, minX=-76, minY=19, minZ=-51, maxX=-68, maxY=41, maxZ=-19, margin=8]
[07:42:51] [Server thread/INFO] (Minecraft) [STDOUT]: [PollutedWorld] Middle lanes still collide spread=0 westBounds=UnitBounds[name=middle_west_lane_candidate, minX=-97, minY=19, minZ=-51, maxX=-89, maxY=41, maxZ=-19, margin=8] eastBounds=UnitBounds[name=middle_east_lane_candidate, minX=-80, minY=19, minZ=-51, maxX=-72, maxY=41, maxZ=-19, margin=8]
[07:42:51] [Server thread/INFO] (Minecraft) [STDOUT]: [PollutedWorld] Middle lanes separated spread=4 westConnect=BlockPos{x=-104, y=35, z=-82} eastConnect=BlockPos{x=-79, y=35, z=-82} westBounds=UnitBounds[name=middle_west_lane_candidate, minX=-101, minY=19, minZ=-51, maxX=-93, maxY=41, maxZ=-19, margin=8] eastBounds=UnitBounds[name=middle_east_lane_candidate, minX=-76, minY=19, minZ=-51, maxX=-68, maxY=41, maxZ=-19, margin=8]
[07:42:51] [Server thread/INFO] (Minecraft) [STDOUT]: [PollutedWorld] Middle lanes still collide spread=0 westBounds=UnitBounds[name=middle_west_lane_candidate, minX=-97, minY=19, minZ=-19, maxX=-89, maxY=41, maxZ=13, margin=8] eastBounds=UnitBounds[name=middle_east_lane_candidate, minX=-80, minY=19, minZ=-19, maxX=-72, maxY=41, maxZ=13, margin=8]
[07:42:51] [Server thread/INFO] (Minecraft) [STDOUT]: [PollutedWorld] Middle lanes separated spread=4 westConnect=BlockPos{x=-104, y=35, z=-50} eastConnect=BlockPos{x=-79, y=35, z=-50} westBounds=UnitBounds[name=middle_west_lane_candidate, minX=-101, minY=19, minZ=-19, maxX=-93, maxY=41, maxZ=13, margin=8] eastBounds=UnitBounds[name=middle_east_lane_candidate, minX=-76, minY=19, minZ=-19, maxX=-68, maxY=41, maxZ=13, margin=8]
[07:42:51] [Server thread/INFO] (Minecraft) [STDOUT]: [PollutedWorld] Middle lanes still collide spread=0 westBounds=UnitBounds[name=middle_west_lane_candidate, minX=-97, minY=19, minZ=-19, maxX=-89, maxY=41, maxZ=13, margin=8] eastBounds=UnitBounds[name=middle_east_lane_candidate, minX=-80, minY=19, minZ=-19, maxX=-72, maxY=41, maxZ=13, margin=8]
[07:42:51] [Server thread/INFO] (Minecraft) [STDOUT]: [PollutedWorld] Middle lanes separated spread=4 westConnect=BlockPos{x=-104, y=35, z=-50} eastConnect=BlockPos{x=-79, y=35, z=-50} westBounds=UnitBounds[name=middle_west_lane_candidate, minX=-101, minY=19, minZ=-19, maxX=-93, maxY=41, maxZ=13, margin=8] eastBounds=UnitBounds[name=middle_east_lane_candidate, minX=-76, minY=19, minZ=-19, maxX=-68, maxY=41, maxZ=13, margin=8]
[07:42:51] [Server thread/INFO] (Minecraft) [STDOUT]: ========== [PollutedWorld] FIRST_MIDDLE_LANE ==========
[07:42:51] [Server thread/INFO] (Minecraft) [STDOUT]: rail=collapse_rail
[07:42:51] [Server thread/INFO] (Minecraft) [STDOUT]: origin=BlockPos{x=-101, y=19, z=-19}
[07:42:51] [Server thread/INFO] (Minecraft) [STDOUT]: rotation=CLOCKWISE_180
[07:42:51] [Server thread/INFO] (Minecraft) [STDOUT]: rail_in=BlockPos{x=-104, y=35, z=-50}
[07:42:51] [Server thread/INFO] (Minecraft) [STDOUT]: rail_out=BlockPos{x=-104, y=35, z=-19}
[07:42:51] [Server thread/INFO] (Minecraft) [STDOUT]: physicalInByZ=BlockPos{x=-104, y=35, z=-50}
[07:42:51] [Server thread/INFO] (Minecraft) [STDOUT]: physicalOutByZ=BlockPos{x=-104, y=35, z=-19}
[07:42:51] [Server thread/INFO] (Minecraft) [STDOUT]: bounds=UnitBounds[name=FIRST_MIDDLE_LANE_bounds, minX=-101, minY=19, minZ=-19, maxX=-93, maxY=41, maxZ=13, margin=8]
[07:42:51] [Server thread/INFO] (Minecraft) [STDOUT]:   node=collapse_rail origin=BlockPos{x=-101, y=19, z=-19} size=Vec3i{x=8, y=22, z=32} minX=-101 maxX=-93 minZ=-19 maxZ=13
[07:42:51] [Server thread/INFO] (Minecraft) [STDOUT]: ========== [PollutedWorld] SECOND_MIDDLE_LANE ==========
[07:42:51] [Server thread/INFO] (Minecraft) [STDOUT]: rail=collapse_rail
[07:42:51] [Server thread/INFO] (Minecraft) [STDOUT]: origin=BlockPos{x=-76, y=19, z=-19}
[07:42:51] [Server thread/INFO] (Minecraft) [STDOUT]: rotation=CLOCKWISE_180
[07:42:51] [Server thread/INFO] (Minecraft) [STDOUT]: rail_in=BlockPos{x=-79, y=35, z=-50}
[07:42:51] [Server thread/INFO] (Minecraft) [STDOUT]: rail_out=BlockPos{x=-79, y=35, z=-19}
[07:42:51] [Server thread/INFO] (Minecraft) [STDOUT]: physicalInByZ=BlockPos{x=-79, y=35, z=-50}
[07:42:51] [Server thread/INFO] (Minecraft) [STDOUT]: physicalOutByZ=BlockPos{x=-79, y=35, z=-19}
[07:42:51] [Server thread/INFO] (Minecraft) [STDOUT]: bounds=UnitBounds[name=SECOND_MIDDLE_LANE_bounds, minX=-76, minY=19, minZ=-19, maxX=-68, maxY=41, maxZ=13, margin=8]
[07:42:51] [Server thread/INFO] (Minecraft) [STDOUT]:   node=collapse_rail origin=BlockPos{x=-76, y=19, z=-19} size=Vec3i{x=8, y=22, z=32} minX=-76 maxX=-68 minZ=-19 maxZ=13
[07:42:51] [Server thread/INFO] (Minecraft) [STDOUT]: ========== [PollutedWorld] STATION CONNECTS ==========
[07:42:51] [Server thread/INFO] (Minecraft) [STDOUT]: station westIn=BlockPos{x=-100, y=35, z=-296}
[07:42:51] [Server thread/INFO] (Minecraft) [STDOUT]: station westOut=BlockPos{x=-100, y=35, z=-114}
[07:42:51] [Server thread/INFO] (Minecraft) [STDOUT]: station eastIn=BlockPos{x=-83, y=35, z=-296}
[07:42:51] [Server thread/INFO] (Minecraft) [STDOUT]: station eastOut=BlockPos{x=-83, y=35, z=-114}
[07:42:51] [Server thread/INFO] (Minecraft) [STDOUT]: ========== [PollutedWorld] CONNECT RESULT ==========
[07:42:51] [Server thread/INFO] (Minecraft) [STDOUT]: middle westIn=BlockPos{x=-104, y=35, z=-50}
[07:42:51] [Server thread/INFO] (Minecraft) [STDOUT]: middle westOut=BlockPos{x=-104, y=35, z=-19}
[07:42:51] [Server thread/INFO] (Minecraft) [STDOUT]: middle eastIn=BlockPos{x=-79, y=35, z=-50}
[07:42:51] [Server thread/INFO] (Minecraft) [STDOUT]: middle eastOut=BlockPos{x=-79, y=35, z=-19}
[07:42:54] [Server thread/ERROR] (Minecraft) Block-attached entity at invalid position: BlockPos{x=-86, y=111, z=-107}
[07:42:54] [Server thread/ERROR] (Minecraft) Block-attached entity at invalid position: BlockPos{x=-86, y=111, z=-106}
[07:42:54] [Server thread/ERROR] (Minecraft) Block-attached entity at invalid position: BlockPos{x=-86, y=110, z=-106}
[07:42:54] [Server thread/ERROR] (Minecraft) Block-attached entity at invalid position: BlockPos{x=-86, y=112, z=-106}
[07:42:54] [Server thread/ERROR] (Minecraft) Block-attached entity at invalid position: BlockPos{x=-86, y=112, z=-107}
[07:42:54] [Server thread/ERROR] (Minecraft) Block-attached entity at invalid position: BlockPos{x=-73, y=115, z=-82}
[07:42:54] [Server thread/ERROR] (Minecraft) Block-attached entity at invalid position: BlockPos{x=-74, y=115, z=-82}
[07:42:55] [Server thread/INFO] (Minecraft) [STDOUT]: [PollutedWorld] Station physical lanes westIn=BlockPos{x=-105, y=35, z=6} westOut=BlockPos{x=-105, y=35, z=173} eastIn=BlockPos{x=-76, y=35, z=6} eastOut=BlockPos{x=-76, y=35, z=173}
[07:42:55] [Server thread/INFO] (Minecraft) [STDOUT]: [PollutedWorld] Separated lane connectors dividerX=-91 westRouteX=-116 eastRouteX=-67
[07:42:55] [Server thread/INFO] (Minecraft) [STDOUT]: [PollutedWorld] Separated lane connectors dividerX=-90 westRouteX=-117 eastRouteX=-64
[07:42:55] [Server thread/INFO] (Minecraft) [STDOUT]: [PollutedWorld] Middle lanes still collide spread=0 westBounds=UnitBounds[name=middle_west_lane_candidate, minX=-110, minY=33, minZ=229, maxX=-63, maxY=67, maxZ=268, margin=8] eastBounds=UnitBounds[name=middle_east_lane_candidate, minX=-73, minY=19, minZ=236, maxX=-65, maxY=41, maxZ=268, margin=8]
[07:42:55] [Server thread/INFO] (Minecraft) [STDOUT]: [PollutedWorld] Middle lanes still collide spread=4 westBounds=UnitBounds[name=middle_west_lane_candidate, minX=-114, minY=33, minZ=229, maxX=-67, maxY=67, maxZ=268, margin=8] eastBounds=UnitBounds[name=middle_east_lane_candidate, minX=-69, minY=19, minZ=236, maxX=-61, maxY=41, maxZ=268, margin=8]
[07:42:55] [Server thread/INFO] (Minecraft) [STDOUT]: [PollutedWorld] Middle lanes still collide spread=8 westBounds=UnitBounds[name=middle_west_lane_candidate, minX=-118, minY=33, minZ=229, maxX=-71, maxY=67, maxZ=268, margin=8] eastBounds=UnitBounds[name=middle_east_lane_candidate, minX=-65, minY=19, minZ=236, maxX=-57, maxY=41, maxZ=268, margin=8]
[07:42:55] [Server thread/INFO] (Minecraft) [STDOUT]: [PollutedWorld] Middle lanes still collide spread=12 westBounds=UnitBounds[name=middle_west_lane_candidate, minX=-122, minY=33, minZ=229, maxX=-75, maxY=67, maxZ=268, margin=8] eastBounds=UnitBounds[name=middle_east_lane_candidate, minX=-61, minY=19, minZ=236, maxX=-53, maxY=41, maxZ=268, margin=8]
[07:42:55] [Server thread/INFO] (Minecraft) [STDOUT]: [PollutedWorld] Middle lanes separated spread=16 westConnect=BlockPos{x=-121, y=35, z=205} eastConnect=BlockPos{x=-60, y=35, z=205} westBounds=UnitBounds[name=middle_west_lane_candidate, minX=-126, minY=33, minZ=229, maxX=-79, maxY=67, maxZ=268, margin=8] eastBounds=UnitBounds[name=middle_east_lane_candidate, minX=-57, minY=19, minZ=236, maxX=-49, maxY=41, maxZ=268, margin=8]
[07:42:55] [Server thread/INFO] (Minecraft) [STDOUT]: [PollutedWorld] Middle lanes still collide spread=0 westBounds=UnitBounds[name=middle_west_lane_candidate, minX=-110, minY=33, minZ=229, maxX=-63, maxY=67, maxZ=268, margin=8] eastBounds=UnitBounds[name=middle_east_lane_candidate, minX=-73, minY=19, minZ=236, maxX=-65, maxY=41, maxZ=268, margin=8]
[07:42:55] [Server thread/INFO] (Minecraft) [STDOUT]: [PollutedWorld] Middle lanes still collide spread=4 westBounds=UnitBounds[name=middle_west_lane_candidate, minX=-114, minY=33, minZ=229, maxX=-67, maxY=67, maxZ=268, margin=8] eastBounds=UnitBounds[name=middle_east_lane_candidate, minX=-69, minY=19, minZ=236, maxX=-61, maxY=41, maxZ=268, margin=8]
[07:42:55] [Server thread/INFO] (Minecraft) [STDOUT]: [PollutedWorld] Middle lanes still collide spread=8 westBounds=UnitBounds[name=middle_west_lane_candidate, minX=-118, minY=33, minZ=229, maxX=-71, maxY=67, maxZ=268, margin=8] eastBounds=UnitBounds[name=middle_east_lane_candidate, minX=-65, minY=19, minZ=236, maxX=-57, maxY=41, maxZ=268, margin=8]
[07:42:55] [Server thread/INFO] (Minecraft) [STDOUT]: [PollutedWorld] Middle lanes still collide spread=12 westBounds=UnitBounds[name=middle_west_lane_candidate, minX=-122, minY=33, minZ=229, maxX=-75, maxY=67, maxZ=268, margin=8] eastBounds=UnitBounds[name=middle_east_lane_candidate, minX=-61, minY=19, minZ=236, maxX=-53, maxY=41, maxZ=268, margin=8]
[07:42:55] [Server thread/INFO] (Minecraft) [STDOUT]: [PollutedWorld] Middle lanes separated spread=16 westConnect=BlockPos{x=-121, y=35, z=205} eastConnect=BlockPos{x=-60, y=35, z=205} westBounds=UnitBounds[name=middle_west_lane_candidate, minX=-126, minY=33, minZ=229, maxX=-79, maxY=67, maxZ=268, margin=8] eastBounds=UnitBounds[name=middle_east_lane_candidate, minX=-57, minY=19, minZ=236, maxX=-49, maxY=41, maxZ=268, margin=8]
[07:42:55] [Server thread/INFO] (Minecraft) [STDOUT]: [PollutedWorld] Middle lanes still collide spread=0 westBounds=UnitBounds[name=middle_west_lane_candidate, minX=-110, minY=33, minZ=229, maxX=-63, maxY=67, maxZ=268, margin=8] eastBounds=UnitBounds[name=middle_east_lane_candidate, minX=-73, minY=19, minZ=236, maxX=-65, maxY=41, maxZ=268, margin=8]
[07:42:55] [Server thread/INFO] (Minecraft) [STDOUT]: [PollutedWorld] Middle lanes still collide spread=4 westBounds=UnitBounds[name=middle_west_lane_candidate, minX=-114, minY=33, minZ=229, maxX=-67, maxY=67, maxZ=268, margin=8] eastBounds=UnitBounds[name=middle_east_lane_candidate, minX=-69, minY=19, minZ=236, maxX=-61, maxY=41, maxZ=268, margin=8]
[07:42:55] [Server thread/INFO] (Minecraft) [STDOUT]: [PollutedWorld] Middle lanes still collide spread=8 westBounds=UnitBounds[name=middle_west_lane_candidate, minX=-118, minY=33, minZ=229, maxX=-71, maxY=67, maxZ=268, margin=8] eastBounds=UnitBounds[name=middle_east_lane_candidate, minX=-65, minY=19, minZ=236, maxX=-57, maxY=41, maxZ=268, margin=8]
[07:42:55] [Server thread/INFO] (Minecraft) [STDOUT]: [PollutedWorld] Middle lanes still collide spread=12 westBounds=UnitBounds[name=middle_west_lane_candidate, minX=-122, minY=33, minZ=229, maxX=-75, maxY=67, maxZ=268, margin=8] eastBounds=UnitBounds[name=middle_east_lane_candidate, minX=-61, minY=19, minZ=236, maxX=-53, maxY=41, maxZ=268, margin=8]
[07:42:55] [Server thread/INFO] (Minecraft) [STDOUT]: [PollutedWorld] Middle lanes separated spread=16 westConnect=BlockPos{x=-121, y=35, z=205} eastConnect=BlockPos{x=-60, y=35, z=205} westBounds=UnitBounds[name=middle_west_lane_candidate, minX=-126, minY=33, minZ=229, maxX=-79, maxY=67, maxZ=268, margin=8] eastBounds=UnitBounds[name=middle_east_lane_candidate, minX=-57, minY=19, minZ=236, maxX=-49, maxY=41, maxZ=268, margin=8]
[07:42:55] [Server thread/INFO] (Minecraft) [STDOUT]: [PollutedWorld] Middle lanes still collide spread=0 westBounds=UnitBounds[name=middle_west_lane_candidate, minX=-110, minY=33, minZ=229, maxX=-63, maxY=67, maxZ=268, margin=8] eastBounds=UnitBounds[name=middle_east_lane_candidate, minX=-73, minY=19, minZ=236, maxX=-65, maxY=41, maxZ=268, margin=8]
[07:42:55] [Server thread/INFO] (Minecraft) [STDOUT]: [PollutedWorld] Middle lanes still collide spread=4 westBounds=UnitBounds[name=middle_west_lane_candidate, minX=-114, minY=33, minZ=229, maxX=-67, maxY=67, maxZ=268, margin=8] eastBounds=UnitBounds[name=middle_east_lane_candidate, minX=-69, minY=19, minZ=236, maxX=-61, maxY=41, maxZ=268, margin=8]
[07:42:55] [Server thread/INFO] (Minecraft) [STDOUT]: [PollutedWorld] Middle lanes still collide spread=8 westBounds=UnitBounds[name=middle_west_lane_candidate, minX=-118, minY=33, minZ=229, maxX=-71, maxY=67, maxZ=268, margin=8] eastBounds=UnitBounds[name=middle_east_lane_candidate, minX=-65, minY=19, minZ=236, maxX=-57, maxY=41, maxZ=268, margin=8]
[07:42:55] [Server thread/INFO] (Minecraft) [STDOUT]: [PollutedWorld] Middle lanes still collide spread=12 westBounds=UnitBounds[name=middle_west_lane_candidate, minX=-122, minY=33, minZ=229, maxX=-75, maxY=67, maxZ=268, margin=8] eastBounds=UnitBounds[name=middle_east_lane_candidate, minX=-61, minY=19, minZ=236, maxX=-53, maxY=41, maxZ=268, margin=8]
[07:42:55] [Server thread/INFO] (Minecraft) [STDOUT]: [PollutedWorld] Middle lanes separated spread=16 westConnect=BlockPos{x=-121, y=35, z=205} eastConnect=BlockPos{x=-60, y=35, z=205} westBounds=UnitBounds[name=middle_west_lane_candidate, minX=-126, minY=33, minZ=229, maxX=-79, maxY=67, maxZ=268, margin=8] eastBounds=UnitBounds[name=middle_east_lane_candidate, minX=-57, minY=19, minZ=236, maxX=-49, maxY=41, maxZ=268, margin=8]
[07:42:55] [Server thread/INFO] (Minecraft) [STDOUT]: [PollutedWorld] Middle lanes still collide spread=0 westBounds=UnitBounds[name=middle_west_lane_candidate, minX=-110, minY=33, minZ=229, maxX=-63, maxY=67, maxZ=268, margin=8] eastBounds=UnitBounds[name=middle_east_lane_candidate, minX=-73, minY=19, minZ=236, maxX=-65, maxY=41, maxZ=268, margin=8]
[07:42:55] [Server thread/INFO] (Minecraft) [STDOUT]: [PollutedWorld] Middle lanes still collide spread=4 westBounds=UnitBounds[name=middle_west_lane_candidate, minX=-114, minY=33, minZ=229, maxX=-67, maxY=67, maxZ=268, margin=8] eastBounds=UnitBounds[name=middle_east_lane_candidate, minX=-69, minY=19, minZ=236, maxX=-61, maxY=41, maxZ=268, margin=8]
[07:42:55] [Server thread/INFO] (Minecraft) [STDOUT]: [PollutedWorld] Middle lanes still collide spread=8 westBounds=UnitBounds[name=middle_west_lane_candidate, minX=-118, minY=33, minZ=229, maxX=-71, maxY=67, maxZ=268, margin=8] eastBounds=UnitBounds[name=middle_east_lane_candidate, minX=-65, minY=19, minZ=236, maxX=-57, maxY=41, maxZ=268, margin=8]
[07:42:55] [Server thread/INFO] (Minecraft) [STDOUT]: [PollutedWorld] Middle lanes still collide spread=12 westBounds=UnitBounds[name=middle_west_lane_candidate, minX=-122, minY=33, minZ=229, maxX=-75, maxY=67, maxZ=268, margin=8] eastBounds=UnitBounds[name=middle_east_lane_candidate, minX=-61, minY=19, minZ=236, maxX=-53, maxY=41, maxZ=268, margin=8]
[07:42:55] [Server thread/INFO] (Minecraft) [STDOUT]: [PollutedWorld] Middle lanes separated spread=16 westConnect=BlockPos{x=-121, y=35, z=205} eastConnect=BlockPos{x=-60, y=35, z=205} westBounds=UnitBounds[name=middle_west_lane_candidate, minX=-126, minY=33, minZ=229, maxX=-79, maxY=67, maxZ=268, margin=8] eastBounds=UnitBounds[name=middle_east_lane_candidate, minX=-57, minY=19, minZ=236, maxX=-49, maxY=41, maxZ=268, margin=8]
[07:42:55] [Server thread/INFO] (Minecraft) [STDOUT]: [PollutedWorld] Middle lanes still collide spread=0 westBounds=UnitBounds[name=middle_west_lane_candidate, minX=-110, minY=33, minZ=229, maxX=-63, maxY=67, maxZ=268, margin=8] eastBounds=UnitBounds[name=middle_east_lane_candidate, minX=-73, minY=19, minZ=236, maxX=-65, maxY=41, maxZ=268, margin=8]
[07:42:55] [Server thread/INFO] (Minecraft) [STDOUT]: [PollutedWorld] Middle lanes still collide spread=4 westBounds=UnitBounds[name=middle_west_lane_candidate, minX=-114, minY=33, minZ=229, maxX=-67, maxY=67, maxZ=268, margin=8] eastBounds=UnitBounds[name=middle_east_lane_candidate, minX=-69, minY=19, minZ=236, maxX=-61, maxY=41, maxZ=268, margin=8]
[07:42:55] [Server thread/INFO] (Minecraft) [STDOUT]: [PollutedWorld] Middle lanes still collide spread=8 westBounds=UnitBounds[name=middle_west_lane_candidate, minX=-118, minY=33, minZ=229, maxX=-71, maxY=67, maxZ=268, margin=8] eastBounds=UnitBounds[name=middle_east_lane_candidate, minX=-65, minY=19, minZ=236, maxX=-57, maxY=41, maxZ=268, margin=8]
[07:42:55] [Server thread/INFO] (Minecraft) [STDOUT]: [PollutedWorld] Middle lanes still collide spread=12 westBounds=UnitBounds[name=middle_west_lane_candidate, minX=-122, minY=33, minZ=229, maxX=-75, maxY=67, maxZ=268, margin=8] eastBounds=UnitBounds[name=middle_east_lane_candidate, minX=-61, minY=19, minZ=236, maxX=-53, maxY=41, maxZ=268, margin=8]
[07:42:55] [Server thread/INFO] (Minecraft) [STDOUT]: [PollutedWorld] Middle lanes separated spread=16 westConnect=BlockPos{x=-121, y=35, z=205} eastConnect=BlockPos{x=-60, y=35, z=205} westBounds=UnitBounds[name=middle_west_lane_candidate, minX=-126, minY=33, minZ=229, maxX=-79, maxY=67, maxZ=268, margin=8] eastBounds=UnitBounds[name=middle_east_lane_candidate, minX=-57, minY=19, minZ=236, maxX=-49, maxY=41, maxZ=268, margin=8]
[07:42:55] [Server thread/INFO] (Minecraft) [STDOUT]: [PollutedWorld] Middle lanes still collide spread=0 westBounds=UnitBounds[name=middle_west_lane_candidate, minX=-110, minY=33, minZ=229, maxX=-63, maxY=67, maxZ=268, margin=8] eastBounds=UnitBounds[name=middle_east_lane_candidate, minX=-73, minY=19, minZ=236, maxX=-65, maxY=41, maxZ=268, margin=8]
[07:42:55] [Server thread/INFO] (Minecraft) [STDOUT]: [PollutedWorld] Middle lanes still collide spread=4 westBounds=UnitBounds[name=middle_west_lane_candidate, minX=-114, minY=33, minZ=229, maxX=-67, maxY=67, maxZ=268, margin=8] eastBounds=UnitBounds[name=middle_east_lane_candidate, minX=-69, minY=19, minZ=236, maxX=-61, maxY=41, maxZ=268, margin=8]
[07:42:55] [Server thread/INFO] (Minecraft) [STDOUT]: [PollutedWorld] Middle lanes still collide spread=8 westBounds=UnitBounds[name=middle_west_lane_candidate, minX=-118, minY=33, minZ=229, maxX=-71, maxY=67, maxZ=268, margin=8] eastBounds=UnitBounds[name=middle_east_lane_candidate, minX=-65, minY=19, minZ=236, maxX=-57, maxY=41, maxZ=268, margin=8]
[07:42:55] [Server thread/INFO] (Minecraft) [STDOUT]: [PollutedWorld] Middle lanes still collide spread=12 westBounds=UnitBounds[name=middle_west_lane_candidate, minX=-122, minY=33, minZ=229, maxX=-75, maxY=67, maxZ=268, margin=8] eastBounds=UnitBounds[name=middle_east_lane_candidate, minX=-61, minY=19, minZ=236, maxX=-53, maxY=41, maxZ=268, margin=8]
[07:42:55] [Server thread/INFO] (Minecraft) [STDOUT]: [PollutedWorld] Middle lanes separated spread=16 westConnect=BlockPos{x=-121, y=35, z=205} eastConnect=BlockPos{x=-60, y=35, z=205} westBounds=UnitBounds[name=middle_west_lane_candidate, minX=-126, minY=33, minZ=229, maxX=-79, maxY=67, maxZ=268, margin=8] eastBounds=UnitBounds[name=middle_east_lane_candidate, minX=-57, minY=19, minZ=236, maxX=-49, maxY=41, maxZ=268, margin=8]
[07:42:55] [Server thread/INFO] (Minecraft) [STDOUT]: [PollutedWorld] Middle lanes still collide spread=0 westBounds=UnitBounds[name=middle_west_lane_candidate, minX=-110, minY=33, minZ=229, maxX=-63, maxY=67, maxZ=268, margin=8] eastBounds=UnitBounds[name=middle_east_lane_candidate, minX=-73, minY=19, minZ=236, maxX=-65, maxY=41, maxZ=268, margin=8]
[07:42:55] [Server thread/INFO] (Minecraft) [STDOUT]: [PollutedWorld] Middle lanes still collide spread=4 westBounds=UnitBounds[name=middle_west_lane_candidate, minX=-114, minY=33, minZ=229, maxX=-67, maxY=67, maxZ=268, margin=8] eastBounds=UnitBounds[name=middle_east_lane_candidate, minX=-69, minY=19, minZ=236, maxX=-61, maxY=41, maxZ=268, margin=8]
[07:42:55] [Server thread/INFO] (Minecraft) [STDOUT]: [PollutedWorld] Middle lanes still collide spread=8 westBounds=UnitBounds[name=middle_west_lane_candidate, minX=-118, minY=33, minZ=229, maxX=-71, maxY=67, maxZ=268, margin=8] eastBounds=UnitBounds[name=middle_east_lane_candidate, minX=-65, minY=19, minZ=236, maxX=-57, maxY=41, maxZ=268, margin=8]
[07:42:55] [Server thread/INFO] (Minecraft) [STDOUT]: [PollutedWorld] Middle lanes still collide spread=12 westBounds=UnitBounds[name=middle_west_lane_candidate, minX=-122, minY=33, minZ=229, maxX=-75, maxY=67, maxZ=268, margin=8] eastBounds=UnitBounds[name=middle_east_lane_candidate, minX=-61, minY=19, minZ=236, maxX=-53, maxY=41, maxZ=268, margin=8]
[07:42:55] [Server thread/INFO] (Minecraft) [STDOUT]: [PollutedWorld] Middle lanes separated spread=16 westConnect=BlockPos{x=-121, y=35, z=205} eastConnect=BlockPos{x=-60, y=35, z=205} westBounds=UnitBounds[name=middle_west_lane_candidate, minX=-126, minY=33, minZ=229, maxX=-79, maxY=67, maxZ=268, margin=8] eastBounds=UnitBounds[name=middle_east_lane_candidate, minX=-57, minY=19, minZ=236, maxX=-49, maxY=41, maxZ=268, margin=8]
[07:42:55] [Server thread/INFO] (Minecraft) [STDOUT]: [PollutedWorld] Middle lanes still collide spread=0 westBounds=UnitBounds[name=middle_west_lane_candidate, minX=-110, minY=33, minZ=229, maxX=-63, maxY=67, maxZ=268, margin=8] eastBounds=UnitBounds[name=middle_east_lane_candidate, minX=-73, minY=19, minZ=236, maxX=-65, maxY=41, maxZ=268, margin=8]
[07:42:55] [Server thread/INFO] (Minecraft) [STDOUT]: [PollutedWorld] Middle lanes still collide spread=4 westBounds=UnitBounds[name=middle_west_lane_candidate, minX=-114, minY=33, minZ=229, maxX=-67, maxY=67, maxZ=268, margin=8] eastBounds=UnitBounds[name=middle_east_lane_candidate, minX=-69, minY=19, minZ=236, maxX=-61, maxY=41, maxZ=268, margin=8]
[07:42:55] [Server thread/INFO] (Minecraft) [STDOUT]: [PollutedWorld] Middle lanes still collide spread=8 westBounds=UnitBounds[name=middle_west_lane_candidate, minX=-118, minY=33, minZ=229, maxX=-71, maxY=67, maxZ=268, margin=8] eastBounds=UnitBounds[name=middle_east_lane_candidate, minX=-65, minY=19, minZ=236, maxX=-57, maxY=41, maxZ=268, margin=8]
[07:42:55] [Server thread/INFO] (Minecraft) [STDOUT]: [PollutedWorld] Middle lanes still collide spread=12 westBounds=UnitBounds[name=middle_west_lane_candidate, minX=-122, minY=33, minZ=229, maxX=-75, maxY=67, maxZ=268, margin=8] eastBounds=UnitBounds[name=middle_east_lane_candidate, minX=-61, minY=19, minZ=236, maxX=-53, maxY=41, maxZ=268, margin=8]
[07:42:55] [Server thread/INFO] (Minecraft) [STDOUT]: [PollutedWorld] Middle lanes separated spread=16 westConnect=BlockPos{x=-121, y=35, z=205} eastConnect=BlockPos{x=-60, y=35, z=205} westBounds=UnitBounds[name=middle_west_lane_candidate, minX=-126, minY=33, minZ=229, maxX=-79, maxY=67, maxZ=268, margin=8] eastBounds=UnitBounds[name=middle_east_lane_candidate, minX=-57, minY=19, minZ=236, maxX=-49, maxY=41, maxZ=268, margin=8]
[07:42:55] [Server thread/INFO] (Minecraft) [STDOUT]: [PollutedWorld] Middle lanes still collide spread=0 westBounds=UnitBounds[name=middle_west_lane_candidate, minX=-110, minY=33, minZ=229, maxX=-63, maxY=67, maxZ=268, margin=8] eastBounds=UnitBounds[name=middle_east_lane_candidate, minX=-73, minY=19, minZ=236, maxX=-65, maxY=41, maxZ=268, margin=8]
[07:42:55] [Server thread/INFO] (Minecraft) [STDOUT]: [PollutedWorld] Middle lanes still collide spread=4 westBounds=UnitBounds[name=middle_west_lane_candidate, minX=-114, minY=33, minZ=229, maxX=-67, maxY=67, maxZ=268, margin=8] eastBounds=UnitBounds[name=middle_east_lane_candidate, minX=-69, minY=19, minZ=236, maxX=-61, maxY=41, maxZ=268, margin=8]
[07:42:55] [Server thread/INFO] (Minecraft) [STDOUT]: [PollutedWorld] Middle lanes still collide spread=8 westBounds=UnitBounds[name=middle_west_lane_candidate, minX=-118, minY=33, minZ=229, maxX=-71, maxY=67, maxZ=268, margin=8] eastBounds=UnitBounds[name=middle_east_lane_candidate, minX=-65, minY=19, minZ=236, maxX=-57, maxY=41, maxZ=268, margin=8]
[07:42:55] [Server thread/INFO] (Minecraft) [STDOUT]: [PollutedWorld] Middle lanes still collide spread=12 westBounds=UnitBounds[name=middle_west_lane_candidate, minX=-122, minY=33, minZ=229, maxX=-75, maxY=67, maxZ=268, margin=8] eastBounds=UnitBounds[name=middle_east_lane_candidate, minX=-61, minY=19, minZ=236, maxX=-53, maxY=41, maxZ=268, margin=8]
[07:42:55] [Server thread/INFO] (Minecraft) [STDOUT]: [PollutedWorld] Middle lanes separated spread=16 westConnect=BlockPos{x=-121, y=35, z=205} eastConnect=BlockPos{x=-60, y=35, z=205} westBounds=UnitBounds[name=middle_west_lane_candidate, minX=-126, minY=33, minZ=229, maxX=-79, maxY=67, maxZ=268, margin=8] eastBounds=UnitBounds[name=middle_east_lane_candidate, minX=-57, minY=19, minZ=236, maxX=-49, maxY=41, maxZ=268, margin=8]
[07:42:55] [Server thread/INFO] (Minecraft) [STDOUT]: [PollutedWorld] Middle lanes still collide spread=0 westBounds=UnitBounds[name=middle_west_lane_candidate, minX=-110, minY=33, minZ=229, maxX=-63, maxY=67, maxZ=268, margin=8] eastBounds=UnitBounds[name=middle_east_lane_candidate, minX=-73, minY=19, minZ=236, maxX=-65, maxY=41, maxZ=268, margin=8]
[07:42:55] [Server thread/INFO] (Minecraft) [STDOUT]: [PollutedWorld] Middle lanes still collide spread=4 westBounds=UnitBounds[name=middle_west_lane_candidate, minX=-114, minY=33, minZ=229, maxX=-67, maxY=67, maxZ=268, margin=8] eastBounds=UnitBounds[name=middle_east_lane_candidate, minX=-69, minY=19, minZ=236, maxX=-61, maxY=41, maxZ=268, margin=8]
[07:42:55] [Server thread/INFO] (Minecraft) [STDOUT]: [PollutedWorld] Middle lanes still collide spread=8 westBounds=UnitBounds[name=middle_west_lane_candidate, minX=-118, minY=33, minZ=229, maxX=-71, maxY=67, maxZ=268, margin=8] eastBounds=UnitBounds[name=middle_east_lane_candidate, minX=-65, minY=19, minZ=236, maxX=-57, maxY=41, maxZ=268, margin=8]
[07:42:55] [Server thread/INFO] (Minecraft) [STDOUT]: [PollutedWorld] Middle lanes still collide spread=12 westBounds=UnitBounds[name=middle_west_lane_candidate, minX=-122, minY=33, minZ=229, maxX=-75, maxY=67, maxZ=268, margin=8] eastBounds=UnitBounds[name=middle_east_lane_candidate, minX=-61, minY=19, minZ=236, maxX=-53, maxY=41, maxZ=268, margin=8]
[07:42:55] [Server thread/INFO] (Minecraft) [STDOUT]: [PollutedWorld] Middle lanes separated spread=16 westConnect=BlockPos{x=-121, y=35, z=205} eastConnect=BlockPos{x=-60, y=35, z=205} westBounds=UnitBounds[name=middle_west_lane_candidate, minX=-126, minY=33, minZ=229, maxX=-79, maxY=67, maxZ=268, margin=8] eastBounds=UnitBounds[name=middle_east_lane_candidate, minX=-57, minY=19, minZ=236, maxX=-49, maxY=41, maxZ=268, margin=8]
[07:42:55] [Server thread/INFO] (Minecraft) [STDOUT]: [PollutedWorld] Middle lanes still collide spread=0 westBounds=UnitBounds[name=middle_west_lane_candidate, minX=-110, minY=33, minZ=229, maxX=-63, maxY=67, maxZ=268, margin=8] eastBounds=UnitBounds[name=middle_east_lane_candidate, minX=-73, minY=19, minZ=236, maxX=-65, maxY=41, maxZ=268, margin=8]
[07:42:55] [Server thread/INFO] (Minecraft) [STDOUT]: [PollutedWorld] Middle lanes still collide spread=4 westBounds=UnitBounds[name=middle_west_lane_candidate, minX=-114, minY=33, minZ=229, maxX=-67, maxY=67, maxZ=268, margin=8] eastBounds=UnitBounds[name=middle_east_lane_candidate, minX=-69, minY=19, minZ=236, maxX=-61, maxY=41, maxZ=268, margin=8]
[07:42:55] [Server thread/INFO] (Minecraft) [STDOUT]: [PollutedWorld] Middle lanes still collide spread=8 westBounds=UnitBounds[name=middle_west_lane_candidate, minX=-118, minY=33, minZ=229, maxX=-71, maxY=67, maxZ=268, margin=8] eastBounds=UnitBounds[name=middle_east_lane_candidate, minX=-65, minY=19, minZ=236, maxX=-57, maxY=41, maxZ=268, margin=8]
[07:42:55] [Server thread/INFO] (Minecraft) [STDOUT]: [PollutedWorld] Middle lanes still collide spread=12 westBounds=UnitBounds[name=middle_west_lane_candidate, minX=-122, minY=33, minZ=229, maxX=-75, maxY=67, maxZ=268, margin=8] eastBounds=UnitBounds[name=middle_east_lane_candidate, minX=-61, minY=19, minZ=236, maxX=-53, maxY=41, maxZ=268, margin=8]
[07:42:55] [Server thread/INFO] (Minecraft) [STDOUT]: [PollutedWorld] Middle lanes separated spread=16 westConnect=BlockPos{x=-121, y=35, z=205} eastConnect=BlockPos{x=-60, y=35, z=205} westBounds=UnitBounds[name=middle_west_lane_candidate, minX=-126, minY=33, minZ=229, maxX=-79, maxY=67, maxZ=268, margin=8] eastBounds=UnitBounds[name=middle_east_lane_candidate, minX=-57, minY=19, minZ=236, maxX=-49, maxY=41, maxZ=268, margin=8]
[07:42:55] [Server thread/INFO] (Minecraft) [STDOUT]: [PollutedWorld] Middle lanes still collide spread=0 westBounds=UnitBounds[name=middle_west_lane_candidate, minX=-110, minY=33, minZ=229, maxX=-63, maxY=67, maxZ=268, margin=8] eastBounds=UnitBounds[name=middle_east_lane_candidate, minX=-73, minY=19, minZ=236, maxX=-65, maxY=41, maxZ=268, margin=8]
[07:42:55] [Server thread/INFO] (Minecraft) [STDOUT]: [PollutedWorld] Middle lanes still collide spread=4 westBounds=UnitBounds[name=middle_west_lane_candidate, minX=-114, minY=33, minZ=229, maxX=-67, maxY=67, maxZ=268, margin=8] eastBounds=UnitBounds[name=middle_east_lane_candidate, minX=-69, minY=19, minZ=236, maxX=-61, maxY=41, maxZ=268, margin=8]
[07:42:55] [Server thread/INFO] (Minecraft) [STDOUT]: [PollutedWorld] Middle lanes still collide spread=8 westBounds=UnitBounds[name=middle_west_lane_candidate, minX=-118, minY=33, minZ=229, maxX=-71, maxY=67, maxZ=268, margin=8] eastBounds=UnitBounds[name=middle_east_lane_candidate, minX=-65, minY=19, minZ=236, maxX=-57, maxY=41, maxZ=268, margin=8]
[07:42:55] [Server thread/INFO] (Minecraft) [STDOUT]: [PollutedWorld] Middle lanes still collide spread=12 westBounds=UnitBounds[name=middle_west_lane_candidate, minX=-122, minY=33, minZ=229, maxX=-75, maxY=67, maxZ=268, margin=8] eastBounds=UnitBounds[name=middle_east_lane_candidate, minX=-61, minY=19, minZ=236, maxX=-53, maxY=41, maxZ=268, margin=8]
[07:42:55] [Server thread/INFO] (Minecraft) [STDOUT]: [PollutedWorld] Middle lanes separated spread=16 westConnect=BlockPos{x=-121, y=35, z=205} eastConnect=BlockPos{x=-60, y=35, z=205} westBounds=UnitBounds[name=middle_west_lane_candidate, minX=-126, minY=33, minZ=229, maxX=-79, maxY=67, maxZ=268, margin=8] eastBounds=UnitBounds[name=middle_east_lane_candidate, minX=-57, minY=19, minZ=236, maxX=-49, maxY=41, maxZ=268, margin=8]
[07:42:55] [Server thread/INFO] (Minecraft) [STDOUT]: [PollutedWorld] Middle lanes still collide spread=0 westBounds=UnitBounds[name=middle_west_lane_candidate, minX=-110, minY=33, minZ=229, maxX=-63, maxY=67, maxZ=268, margin=8] eastBounds=UnitBounds[name=middle_east_lane_candidate, minX=-73, minY=19, minZ=236, maxX=-65, maxY=41, maxZ=268, margin=8]
[07:42:55] [Server thread/INFO] (Minecraft) [STDOUT]: [PollutedWorld] Middle lanes still collide spread=4 westBounds=UnitBounds[name=middle_west_lane_candidate, minX=-114, minY=33, minZ=229, maxX=-67, maxY=67, maxZ=268, margin=8] eastBounds=UnitBounds[name=middle_east_lane_candidate, minX=-69, minY=19, minZ=236, maxX=-61, maxY=41, maxZ=268, margin=8]
[07:42:55] [Server thread/INFO] (Minecraft) [STDOUT]: [PollutedWorld] Middle lanes still collide spread=8 westBounds=UnitBounds[name=middle_west_lane_candidate, minX=-118, minY=33, minZ=229, maxX=-71, maxY=67, maxZ=268, margin=8] eastBounds=UnitBounds[name=middle_east_lane_candidate, minX=-65, minY=19, minZ=236, maxX=-57, maxY=41, maxZ=268, margin=8]
[07:42:55] [Server thread/INFO] (Minecraft) [STDOUT]: [PollutedWorld] Middle lanes still collide spread=12 westBounds=UnitBounds[name=middle_west_lane_candidate, minX=-122, minY=33, minZ=229, maxX=-75, maxY=67, maxZ=268, margin=8] eastBounds=UnitBounds[name=middle_east_lane_candidate, minX=-61, minY=19, minZ=236, maxX=-53, maxY=41, maxZ=268, margin=8]
[07:42:55] [Server thread/INFO] (Minecraft) [STDOUT]: [PollutedWorld] Middle lanes separated spread=16 westConnect=BlockPos{x=-121, y=35, z=205} eastConnect=BlockPos{x=-60, y=35, z=205} westBounds=UnitBounds[name=middle_west_lane_candidate, minX=-126, minY=33, minZ=229, maxX=-79, maxY=67, maxZ=268, margin=8] eastBounds=UnitBounds[name=middle_east_lane_candidate, minX=-57, minY=19, minZ=236, maxX=-49, maxY=41, maxZ=268, margin=8]
[07:42:55] [Server thread/INFO] (Minecraft) [STDOUT]: [PollutedWorld] Middle lanes still collide spread=0 westBounds=UnitBounds[name=middle_west_lane_candidate, minX=-110, minY=33, minZ=229, maxX=-63, maxY=67, maxZ=268, margin=8] eastBounds=UnitBounds[name=middle_east_lane_candidate, minX=-73, minY=19, minZ=236, maxX=-65, maxY=41, maxZ=268, margin=8]
[07:42:55] [Server thread/INFO] (Minecraft) [STDOUT]: [PollutedWorld] Middle lanes still collide spread=4 westBounds=UnitBounds[name=middle_west_lane_candidate, minX=-114, minY=33, minZ=229, maxX=-67, maxY=67, maxZ=268, margin=8] eastBounds=UnitBounds[name=middle_east_lane_candidate, minX=-69, minY=19, minZ=236, maxX=-61, maxY=41, maxZ=268, margin=8]
[07:42:55] [Server thread/INFO] (Minecraft) [STDOUT]: [PollutedWorld] Middle lanes still collide spread=8 westBounds=UnitBounds[name=middle_west_lane_candidate, minX=-118, minY=33, minZ=229, maxX=-71, maxY=67, maxZ=268, margin=8] eastBounds=UnitBounds[name=middle_east_lane_candidate, minX=-65, minY=19, minZ=236, maxX=-57, maxY=41, maxZ=268, margin=8]
[07:42:55] [Server thread/INFO] (Minecraft) [STDOUT]: [PollutedWorld] Middle lanes still collide spread=12 westBounds=UnitBounds[name=middle_west_lane_candidate, minX=-122, minY=33, minZ=229, maxX=-75, maxY=67, maxZ=268, margin=8] eastBounds=UnitBounds[name=middle_east_lane_candidate, minX=-61, minY=19, minZ=236, maxX=-53, maxY=41, maxZ=268, margin=8]
[07:42:55] [Server thread/INFO] (Minecraft) [STDOUT]: [PollutedWorld] Middle lanes separated spread=16 westConnect=BlockPos{x=-121, y=35, z=205} eastConnect=BlockPos{x=-60, y=35, z=205} westBounds=UnitBounds[name=middle_west_lane_candidate, minX=-126, minY=33, minZ=229, maxX=-79, maxY=67, maxZ=268, margin=8] eastBounds=UnitBounds[name=middle_east_lane_candidate, minX=-57, minY=19, minZ=236, maxX=-49, maxY=41, maxZ=268, margin=8]
[07:42:55] [Server thread/INFO] (Minecraft) [STDOUT]: [PollutedWorld] Middle lanes still collide spread=0 westBounds=UnitBounds[name=middle_west_lane_candidate, minX=-110, minY=33, minZ=229, maxX=-63, maxY=67, maxZ=268, margin=8] eastBounds=UnitBounds[name=middle_east_lane_candidate, minX=-73, minY=19, minZ=236, maxX=-65, maxY=41, maxZ=268, margin=8]
[07:42:55] [Server thread/INFO] (Minecraft) [STDOUT]: [PollutedWorld] Middle lanes still collide spread=4 westBounds=UnitBounds[name=middle_west_lane_candidate, minX=-114, minY=33, minZ=229, maxX=-67, maxY=67, maxZ=268, margin=8] eastBounds=UnitBounds[name=middle_east_lane_candidate, minX=-69, minY=19, minZ=236, maxX=-61, maxY=41, maxZ=268, margin=8]
[07:42:55] [Server thread/INFO] (Minecraft) [STDOUT]: [PollutedWorld] Middle lanes still collide spread=8 westBounds=UnitBounds[name=middle_west_lane_candidate, minX=-118, minY=33, minZ=229, maxX=-71, maxY=67, maxZ=268, margin=8] eastBounds=UnitBounds[name=middle_east_lane_candidate, minX=-65, minY=19, minZ=236, maxX=-57, maxY=41, maxZ=268, margin=8]
[07:42:55] [Server thread/INFO] (Minecraft) [STDOUT]: [PollutedWorld] Middle lanes still collide spread=12 westBounds=UnitBounds[name=middle_west_lane_candidate, minX=-122, minY=33, minZ=229, maxX=-75, maxY=67, maxZ=268, margin=8] eastBounds=UnitBounds[name=middle_east_lane_candidate, minX=-61, minY=19, minZ=236, maxX=-53, maxY=41, maxZ=268, margin=8]
[07:42:55] [Server thread/INFO] (Minecraft) [STDOUT]: [PollutedWorld] Middle lanes separated spread=16 westConnect=BlockPos{x=-121, y=35, z=205} eastConnect=BlockPos{x=-60, y=35, z=205} westBounds=UnitBounds[name=middle_west_lane_candidate, minX=-126, minY=33, minZ=229, maxX=-79, maxY=67, maxZ=268, margin=8] eastBounds=UnitBounds[name=middle_east_lane_candidate, minX=-57, minY=19, minZ=236, maxX=-49, maxY=41, maxZ=268, margin=8]
[07:42:55] [Server thread/INFO] (Minecraft) [STDOUT]: [PollutedWorld] Middle lanes still collide spread=0 westBounds=UnitBounds[name=middle_west_lane_candidate, minX=-110, minY=33, minZ=229, maxX=-63, maxY=67, maxZ=268, margin=8] eastBounds=UnitBounds[name=middle_east_lane_candidate, minX=-73, minY=19, minZ=236, maxX=-65, maxY=41, maxZ=268, margin=8]
[07:42:55] [Server thread/INFO] (Minecraft) [STDOUT]: [PollutedWorld] Middle lanes still collide spread=4 westBounds=UnitBounds[name=middle_west_lane_candidate, minX=-114, minY=33, minZ=229, maxX=-67, maxY=67, maxZ=268, margin=8] eastBounds=UnitBounds[name=middle_east_lane_candidate, minX=-69, minY=19, minZ=236, maxX=-61, maxY=41, maxZ=268, margin=8]
[07:42:55] [Server thread/INFO] (Minecraft) [STDOUT]: [PollutedWorld] Middle lanes still collide spread=8 westBounds=UnitBounds[name=middle_west_lane_candidate, minX=-118, minY=33, minZ=229, maxX=-71, maxY=67, maxZ=268, margin=8] eastBounds=UnitBounds[name=middle_east_lane_candidate, minX=-65, minY=19, minZ=236, maxX=-57, maxY=41, maxZ=268, margin=8]
[07:42:55] [Server thread/INFO] (Minecraft) [STDOUT]: [PollutedWorld] Middle lanes still collide spread=12 westBounds=UnitBounds[name=middle_west_lane_candidate, minX=-122, minY=33, minZ=229, maxX=-75, maxY=67, maxZ=268, margin=8] eastBounds=UnitBounds[name=middle_east_lane_candidate, minX=-61, minY=19, minZ=236, maxX=-53, maxY=41, maxZ=268, margin=8]
[07:42:55] [Server thread/INFO] (Minecraft) [STDOUT]: [PollutedWorld] Middle lanes separated spread=16 westConnect=BlockPos{x=-121, y=35, z=205} eastConnect=BlockPos{x=-60, y=35, z=205} westBounds=UnitBounds[name=middle_west_lane_candidate, minX=-126, minY=33, minZ=229, maxX=-79, maxY=67, maxZ=268, margin=8] eastBounds=UnitBounds[name=middle_east_lane_candidate, minX=-57, minY=19, minZ=236, maxX=-49, maxY=41, maxZ=268, margin=8]
[07:42:55] [Server thread/INFO] (Minecraft) [STDOUT]: [PollutedWorld] Middle lanes still collide spread=0 westBounds=UnitBounds[name=middle_west_lane_candidate, minX=-110, minY=33, minZ=229, maxX=-63, maxY=67, maxZ=268, margin=8] eastBounds=UnitBounds[name=middle_east_lane_candidate, minX=-73, minY=19, minZ=236, maxX=-65, maxY=41, maxZ=268, margin=8]
[07:42:55] [Server thread/INFO] (Minecraft) [STDOUT]: [PollutedWorld] Middle lanes still collide spread=4 westBounds=UnitBounds[name=middle_west_lane_candidate, minX=-114, minY=33, minZ=229, maxX=-67, maxY=67, maxZ=268, margin=8] eastBounds=UnitBounds[name=middle_east_lane_candidate, minX=-69, minY=19, minZ=236, maxX=-61, maxY=41, maxZ=268, margin=8]
[07:42:55] [Server thread/INFO] (Minecraft) [STDOUT]: [PollutedWorld] Middle lanes still collide spread=8 westBounds=UnitBounds[name=middle_west_lane_candidate, minX=-118, minY=33, minZ=229, maxX=-71, maxY=67, maxZ=268, margin=8] eastBounds=UnitBounds[name=middle_east_lane_candidate, minX=-65, minY=19, minZ=236, maxX=-57, maxY=41, maxZ=268, margin=8]
[07:42:55] [Server thread/INFO] (Minecraft) [STDOUT]: [PollutedWorld] Middle lanes still collide spread=12 westBounds=UnitBounds[name=middle_west_lane_candidate, minX=-122, minY=33, minZ=229, maxX=-75, maxY=67, maxZ=268, margin=8] eastBounds=UnitBounds[name=middle_east_lane_candidate, minX=-61, minY=19, minZ=236, maxX=-53, maxY=41, maxZ=268, margin=8]
[07:42:55] [Server thread/INFO] (Minecraft) [STDOUT]: [PollutedWorld] Middle lanes separated spread=16 westConnect=BlockPos{x=-121, y=35, z=205} eastConnect=BlockPos{x=-60, y=35, z=205} westBounds=UnitBounds[name=middle_west_lane_candidate, minX=-126, minY=33, minZ=229, maxX=-79, maxY=67, maxZ=268, margin=8] eastBounds=UnitBounds[name=middle_east_lane_candidate, minX=-57, minY=19, minZ=236, maxX=-49, maxY=41, maxZ=268, margin=8]
[07:42:55] [Server thread/INFO] (Minecraft) [STDOUT]: [PollutedWorld] Middle lanes still collide spread=0 westBounds=UnitBounds[name=middle_west_lane_candidate, minX=-110, minY=33, minZ=229, maxX=-63, maxY=67, maxZ=268, margin=8] eastBounds=UnitBounds[name=middle_east_lane_candidate, minX=-73, minY=19, minZ=236, maxX=-65, maxY=41, maxZ=268, margin=8]
[07:42:55] [Server thread/INFO] (Minecraft) [STDOUT]: [PollutedWorld] Middle lanes still collide spread=4 westBounds=UnitBounds[name=middle_west_lane_candidate, minX=-114, minY=33, minZ=229, maxX=-67, maxY=67, maxZ=268, margin=8] eastBounds=UnitBounds[name=middle_east_lane_candidate, minX=-69, minY=19, minZ=236, maxX=-61, maxY=41, maxZ=268, margin=8]
[07:42:55] [Server thread/INFO] (Minecraft) [STDOUT]: [PollutedWorld] Middle lanes still collide spread=8 westBounds=UnitBounds[name=middle_west_lane_candidate, minX=-118, minY=33, minZ=229, maxX=-71, maxY=67, maxZ=268, margin=8] eastBounds=UnitBounds[name=middle_east_lane_candidate, minX=-65, minY=19, minZ=236, maxX=-57, maxY=41, maxZ=268, margin=8]
[07:42:55] [Server thread/INFO] (Minecraft) [STDOUT]: [PollutedWorld] Middle lanes still collide spread=12 westBounds=UnitBounds[name=middle_west_lane_candidate, minX=-122, minY=33, minZ=229, maxX=-75, maxY=67, maxZ=268, margin=8] eastBounds=UnitBounds[name=middle_east_lane_candidate, minX=-61, minY=19, minZ=236, maxX=-53, maxY=41, maxZ=268, margin=8]
[07:42:55] [Server thread/INFO] (Minecraft) [STDOUT]: [PollutedWorld] Middle lanes separated spread=16 westConnect=BlockPos{x=-121, y=35, z=205} eastConnect=BlockPos{x=-60, y=35, z=205} westBounds=UnitBounds[name=middle_west_lane_candidate, minX=-126, minY=33, minZ=229, maxX=-79, maxY=67, maxZ=268, margin=8] eastBounds=UnitBounds[name=middle_east_lane_candidate, minX=-57, minY=19, minZ=236, maxX=-49, maxY=41, maxZ=268, margin=8]
[07:42:55] [Server thread/INFO] (Minecraft) [STDOUT]: [PollutedWorld] Middle lanes still collide spread=0 westBounds=UnitBounds[name=middle_west_lane_candidate, minX=-110, minY=33, minZ=229, maxX=-63, maxY=67, maxZ=268, margin=8] eastBounds=UnitBounds[name=middle_east_lane_candidate, minX=-73, minY=19, minZ=236, maxX=-65, maxY=41, maxZ=268, margin=8]
[07:42:55] [Server thread/INFO] (Minecraft) [STDOUT]: [PollutedWorld] Middle lanes still collide spread=4 westBounds=UnitBounds[name=middle_west_lane_candidate, minX=-114, minY=33, minZ=229, maxX=-67, maxY=67, maxZ=268, margin=8] eastBounds=UnitBounds[name=middle_east_lane_candidate, minX=-69, minY=19, minZ=236, maxX=-61, maxY=41, maxZ=268, margin=8]
[07:42:55] [Server thread/INFO] (Minecraft) [STDOUT]: [PollutedWorld] Middle lanes still collide spread=8 westBounds=UnitBounds[name=middle_west_lane_candidate, minX=-118, minY=33, minZ=229, maxX=-71, maxY=67, maxZ=268, margin=8] eastBounds=UnitBounds[name=middle_east_lane_candidate, minX=-65, minY=19, minZ=236, maxX=-57, maxY=41, maxZ=268, margin=8]
[07:42:55] [Server thread/INFO] (Minecraft) [STDOUT]: [PollutedWorld] Middle lanes still collide spread=12 westBounds=UnitBounds[name=middle_west_lane_candidate, minX=-122, minY=33, minZ=229, maxX=-75, maxY=67, maxZ=268, margin=8] eastBounds=UnitBounds[name=middle_east_lane_candidate, minX=-61, minY=19, minZ=236, maxX=-53, maxY=41, maxZ=268, margin=8]
[07:42:55] [Server thread/INFO] (Minecraft) [STDOUT]: [PollutedWorld] Middle lanes separated spread=16 westConnect=BlockPos{x=-121, y=35, z=205} eastConnect=BlockPos{x=-60, y=35, z=205} westBounds=UnitBounds[name=middle_west_lane_candidate, minX=-126, minY=33, minZ=229, maxX=-79, maxY=67, maxZ=268, margin=8] eastBounds=UnitBounds[name=middle_east_lane_candidate, minX=-57, minY=19, minZ=236, maxX=-49, maxY=41, maxZ=268, margin=8]
[07:42:55] [Server thread/INFO] (Minecraft) [STDOUT]: [PollutedWorld] Middle lanes still collide spread=0 westBounds=UnitBounds[name=middle_west_lane_candidate, minX=-110, minY=33, minZ=229, maxX=-63, maxY=67, maxZ=268, margin=8] eastBounds=UnitBounds[name=middle_east_lane_candidate, minX=-73, minY=19, minZ=236, maxX=-65, maxY=41, maxZ=268, margin=8]
[07:42:55] [Server thread/INFO] (Minecraft) [STDOUT]: [PollutedWorld] Middle lanes still collide spread=4 westBounds=UnitBounds[name=middle_west_lane_candidate, minX=-114, minY=33, minZ=229, maxX=-67, maxY=67, maxZ=268, margin=8] eastBounds=UnitBounds[name=middle_east_lane_candidate, minX=-69, minY=19, minZ=236, maxX=-61, maxY=41, maxZ=268, margin=8]
[07:42:55] [Server thread/INFO] (Minecraft) [STDOUT]: [PollutedWorld] Middle lanes still collide spread=8 westBounds=UnitBounds[name=middle_west_lane_candidate, minX=-118, minY=33, minZ=229, maxX=-71, maxY=67, maxZ=268, margin=8] eastBounds=UnitBounds[name=middle_east_lane_candidate, minX=-65, minY=19, minZ=236, maxX=-57, maxY=41, maxZ=268, margin=8]
[07:42:55] [Server thread/INFO] (Minecraft) [STDOUT]: [PollutedWorld] Middle lanes still collide spread=12 westBounds=UnitBounds[name=middle_west_lane_candidate, minX=-122, minY=33, minZ=229, maxX=-75, maxY=67, maxZ=268, margin=8] eastBounds=UnitBounds[name=middle_east_lane_candidate, minX=-61, minY=19, minZ=236, maxX=-53, maxY=41, maxZ=268, margin=8]
[07:42:55] [Server thread/INFO] (Minecraft) [STDOUT]: [PollutedWorld] Middle lanes separated spread=16 westConnect=BlockPos{x=-121, y=35, z=205} eastConnect=BlockPos{x=-60, y=35, z=205} westBounds=UnitBounds[name=middle_west_lane_candidate, minX=-126, minY=33, minZ=229, maxX=-79, maxY=67, maxZ=268, margin=8] eastBounds=UnitBounds[name=middle_east_lane_candidate, minX=-57, minY=19, minZ=236, maxX=-49, maxY=41, maxZ=268, margin=8]
[07:42:55] [Server thread/INFO] (Minecraft) [STDOUT]: [PollutedWorld] Middle lanes still collide spread=0 westBounds=UnitBounds[name=middle_west_lane_candidate, minX=-110, minY=33, minZ=229, maxX=-63, maxY=67, maxZ=268, margin=8] eastBounds=UnitBounds[name=middle_east_lane_candidate, minX=-73, minY=19, minZ=236, maxX=-65, maxY=41, maxZ=268, margin=8]
[07:42:55] [Server thread/INFO] (Minecraft) [STDOUT]: [PollutedWorld] Middle lanes still collide spread=4 westBounds=UnitBounds[name=middle_west_lane_candidate, minX=-114, minY=33, minZ=229, maxX=-67, maxY=67, maxZ=268, margin=8] eastBounds=UnitBounds[name=middle_east_lane_candidate, minX=-69, minY=19, minZ=236, maxX=-61, maxY=41, maxZ=268, margin=8]
[07:42:55] [Server thread/INFO] (Minecraft) [STDOUT]: [PollutedWorld] Middle lanes still collide spread=8 westBounds=UnitBounds[name=middle_west_lane_candidate, minX=-118, minY=33, minZ=229, maxX=-71, maxY=67, maxZ=268, margin=8] eastBounds=UnitBounds[name=middle_east_lane_candidate, minX=-65, minY=19, minZ=236, maxX=-57, maxY=41, maxZ=268, margin=8]
[07:42:55] [Server thread/INFO] (Minecraft) [STDOUT]: [PollutedWorld] Middle lanes still collide spread=12 westBounds=UnitBounds[name=middle_west_lane_candidate, minX=-122, minY=33, minZ=229, maxX=-75, maxY=67, maxZ=268, margin=8] eastBounds=UnitBounds[name=middle_east_lane_candidate, minX=-61, minY=19, minZ=236, maxX=-53, maxY=41, maxZ=268, margin=8]
[07:42:55] [Server thread/INFO] (Minecraft) [STDOUT]: [PollutedWorld] Middle lanes separated spread=16 westConnect=BlockPos{x=-121, y=35, z=205} eastConnect=BlockPos{x=-60, y=35, z=205} westBounds=UnitBounds[name=middle_west_lane_candidate, minX=-126, minY=33, minZ=229, maxX=-79, maxY=67, maxZ=268, margin=8] eastBounds=UnitBounds[name=middle_east_lane_candidate, minX=-57, minY=19, minZ=236, maxX=-49, maxY=41, maxZ=268, margin=8]
[07:42:55] [Server thread/INFO] (Minecraft) [STDOUT]: [PollutedWorld] Middle lanes still collide spread=0 westBounds=UnitBounds[name=middle_west_lane_candidate, minX=-110, minY=33, minZ=229, maxX=-63, maxY=67, maxZ=268, margin=8] eastBounds=UnitBounds[name=middle_east_lane_candidate, minX=-73, minY=19, minZ=236, maxX=-65, maxY=41, maxZ=268, margin=8]
[07:42:55] [Server thread/INFO] (Minecraft) [STDOUT]: [PollutedWorld] Middle lanes still collide spread=4 westBounds=UnitBounds[name=middle_west_lane_candidate, minX=-114, minY=33, minZ=229, maxX=-67, maxY=67, maxZ=268, margin=8] eastBounds=UnitBounds[name=middle_east_lane_candidate, minX=-69, minY=19, minZ=236, maxX=-61, maxY=41, maxZ=268, margin=8]
[07:42:55] [Server thread/INFO] (Minecraft) [STDOUT]: [PollutedWorld] Middle lanes still collide spread=8 westBounds=UnitBounds[name=middle_west_lane_candidate, minX=-118, minY=33, minZ=229, maxX=-71, maxY=67, maxZ=268, margin=8] eastBounds=UnitBounds[name=middle_east_lane_candidate, minX=-65, minY=19, minZ=236, maxX=-57, maxY=41, maxZ=268, margin=8]
[07:42:55] [Server thread/INFO] (Minecraft) [STDOUT]: [PollutedWorld] Middle lanes still collide spread=12 westBounds=UnitBounds[name=middle_west_lane_candidate, minX=-122, minY=33, minZ=229, maxX=-75, maxY=67, maxZ=268, margin=8] eastBounds=UnitBounds[name=middle_east_lane_candidate, minX=-61, minY=19, minZ=236, maxX=-53, maxY=41, maxZ=268, margin=8]
[07:42:55] [Server thread/INFO] (Minecraft) [STDOUT]: [PollutedWorld] Middle lanes separated spread=16 westConnect=BlockPos{x=-121, y=35, z=205} eastConnect=BlockPos{x=-60, y=35, z=205} westBounds=UnitBounds[name=middle_west_lane_candidate, minX=-126, minY=33, minZ=229, maxX=-79, maxY=67, maxZ=268, margin=8] eastBounds=UnitBounds[name=middle_east_lane_candidate, minX=-57, minY=19, minZ=236, maxX=-49, maxY=41, maxZ=268, margin=8]
[07:42:55] [Server thread/INFO] (Minecraft) [STDOUT]: [PollutedWorld] Middle lanes still collide spread=0 westBounds=UnitBounds[name=middle_west_lane_candidate, minX=-110, minY=33, minZ=229, maxX=-63, maxY=67, maxZ=268, margin=8] eastBounds=UnitBounds[name=middle_east_lane_candidate, minX=-73, minY=19, minZ=236, maxX=-65, maxY=41, maxZ=268, margin=8]
[07:42:55] [Server thread/INFO] (Minecraft) [STDOUT]: [PollutedWorld] Middle lanes still collide spread=4 westBounds=UnitBounds[name=middle_west_lane_candidate, minX=-114, minY=33, minZ=229, maxX=-67, maxY=67, maxZ=268, margin=8] eastBounds=UnitBounds[name=middle_east_lane_candidate, minX=-69, minY=19, minZ=236, maxX=-61, maxY=41, maxZ=268, margin=8]
[07:42:55] [Server thread/INFO] (Minecraft) [STDOUT]: [PollutedWorld] Middle lanes still collide spread=8 westBounds=UnitBounds[name=middle_west_lane_candidate, minX=-118, minY=33, minZ=229, maxX=-71, maxY=67, maxZ=268, margin=8] eastBounds=UnitBounds[name=middle_east_lane_candidate, minX=-65, minY=19, minZ=236, maxX=-57, maxY=41, maxZ=268, margin=8]
[07:42:55] [Server thread/INFO] (Minecraft) [STDOUT]: [PollutedWorld] Middle lanes still collide spread=12 westBounds=UnitBounds[name=middle_west_lane_candidate, minX=-122, minY=33, minZ=229, maxX=-75, maxY=67, maxZ=268, margin=8] eastBounds=UnitBounds[name=middle_east_lane_candidate, minX=-61, minY=19, minZ=236, maxX=-53, maxY=41, maxZ=268, margin=8]
[07:42:55] [Server thread/INFO] (Minecraft) [STDOUT]: [PollutedWorld] Middle lanes separated spread=16 westConnect=BlockPos{x=-121, y=35, z=205} eastConnect=BlockPos{x=-60, y=35, z=205} westBounds=UnitBounds[name=middle_west_lane_candidate, minX=-126, minY=33, minZ=229, maxX=-79, maxY=67, maxZ=268, margin=8] eastBounds=UnitBounds[name=middle_east_lane_candidate, minX=-57, minY=19, minZ=236, maxX=-49, maxY=41, maxZ=268, margin=8]
[07:42:55] [Server thread/INFO] (Minecraft) [STDOUT]: [PollutedWorld] Middle lanes still collide spread=0 westBounds=UnitBounds[name=middle_west_lane_candidate, minX=-110, minY=33, minZ=229, maxX=-63, maxY=67, maxZ=268, margin=8] eastBounds=UnitBounds[name=middle_east_lane_candidate, minX=-73, minY=19, minZ=236, maxX=-65, maxY=41, maxZ=268, margin=8]
[07:42:55] [Server thread/INFO] (Minecraft) [STDOUT]: [PollutedWorld] Middle lanes still collide spread=4 westBounds=UnitBounds[name=middle_west_lane_candidate, minX=-114, minY=33, minZ=229, maxX=-67, maxY=67, maxZ=268, margin=8] eastBounds=UnitBounds[name=middle_east_lane_candidate, minX=-69, minY=19, minZ=236, maxX=-61, maxY=41, maxZ=268, margin=8]
[07:42:55] [Server thread/INFO] (Minecraft) [STDOUT]: [PollutedWorld] Middle lanes still collide spread=8 westBounds=UnitBounds[name=middle_west_lane_candidate, minX=-118, minY=33, minZ=229, maxX=-71, maxY=67, maxZ=268, margin=8] eastBounds=UnitBounds[name=middle_east_lane_candidate, minX=-65, minY=19, minZ=236, maxX=-57, maxY=41, maxZ=268, margin=8]
[07:42:55] [Server thread/INFO] (Minecraft) [STDOUT]: [PollutedWorld] Middle lanes still collide spread=12 westBounds=UnitBounds[name=middle_west_lane_candidate, minX=-122, minY=33, minZ=229, maxX=-75, maxY=67, maxZ=268, margin=8] eastBounds=UnitBounds[name=middle_east_lane_candidate, minX=-61, minY=19, minZ=236, maxX=-53, maxY=41, maxZ=268, margin=8]
[07:42:55] [Server thread/INFO] (Minecraft) [STDOUT]: [PollutedWorld] Middle lanes separated spread=16 westConnect=BlockPos{x=-121, y=35, z=205} eastConnect=BlockPos{x=-60, y=35, z=205} westBounds=UnitBounds[name=middle_west_lane_candidate, minX=-126, minY=33, minZ=229, maxX=-79, maxY=67, maxZ=268, margin=8] eastBounds=UnitBounds[name=middle_east_lane_candidate, minX=-57, minY=19, minZ=236, maxX=-49, maxY=41, maxZ=268, margin=8]
[07:42:55] [Server thread/INFO] (Minecraft) [STDOUT]: [PollutedWorld] Middle lanes still collide spread=0 westBounds=UnitBounds[name=middle_west_lane_candidate, minX=-110, minY=33, minZ=261, maxX=-63, maxY=67, maxZ=300, margin=8] eastBounds=UnitBounds[name=middle_east_lane_candidate, minX=-73, minY=19, minZ=268, maxX=-65, maxY=41, maxZ=300, margin=8]
[07:42:55] [Server thread/INFO] (Minecraft) [STDOUT]: [PollutedWorld] Middle lanes still collide spread=4 westBounds=UnitBounds[name=middle_west_lane_candidate, minX=-114, minY=33, minZ=261, maxX=-67, maxY=67, maxZ=300, margin=8] eastBounds=UnitBounds[name=middle_east_lane_candidate, minX=-69, minY=19, minZ=268, maxX=-61, maxY=41, maxZ=300, margin=8]
[07:42:55] [Server thread/INFO] (Minecraft) [STDOUT]: [PollutedWorld] Middle lanes still collide spread=8 westBounds=UnitBounds[name=middle_west_lane_candidate, minX=-118, minY=33, minZ=261, maxX=-71, maxY=67, maxZ=300, margin=8] eastBounds=UnitBounds[name=middle_east_lane_candidate, minX=-65, minY=19, minZ=268, maxX=-57, maxY=41, maxZ=300, margin=8]
[07:42:55] [Server thread/INFO] (Minecraft) [STDOUT]: [PollutedWorld] Middle lanes still collide spread=12 westBounds=UnitBounds[name=middle_west_lane_candidate, minX=-122, minY=33, minZ=261, maxX=-75, maxY=67, maxZ=300, margin=8] eastBounds=UnitBounds[name=middle_east_lane_candidate, minX=-61, minY=19, minZ=268, maxX=-53, maxY=41, maxZ=300, margin=8]
[07:42:55] [Server thread/INFO] (Minecraft) [STDOUT]: [PollutedWorld] Middle lanes separated spread=16 westConnect=BlockPos{x=-121, y=35, z=237} eastConnect=BlockPos{x=-60, y=35, z=237} westBounds=UnitBounds[name=middle_west_lane_candidate, minX=-126, minY=33, minZ=261, maxX=-79, maxY=67, maxZ=300, margin=8] eastBounds=UnitBounds[name=middle_east_lane_candidate, minX=-57, minY=19, minZ=268, maxX=-49, maxY=41, maxZ=300, margin=8]
[07:42:55] [Server thread/INFO] (Minecraft) [STDOUT]: [PollutedWorld] Middle lanes still collide spread=0 westBounds=UnitBounds[name=middle_west_lane_candidate, minX=-110, minY=33, minZ=261, maxX=-63, maxY=67, maxZ=300, margin=8] eastBounds=UnitBounds[name=middle_east_lane_candidate, minX=-73, minY=19, minZ=268, maxX=-65, maxY=41, maxZ=300, margin=8]
[07:42:55] [Server thread/INFO] (Minecraft) [STDOUT]: [PollutedWorld] Middle lanes still collide spread=4 westBounds=UnitBounds[name=middle_west_lane_candidate, minX=-114, minY=33, minZ=261, maxX=-67, maxY=67, maxZ=300, margin=8] eastBounds=UnitBounds[name=middle_east_lane_candidate, minX=-69, minY=19, minZ=268, maxX=-61, maxY=41, maxZ=300, margin=8]
[07:42:55] [Server thread/INFO] (Minecraft) [STDOUT]: [PollutedWorld] Middle lanes still collide spread=8 westBounds=UnitBounds[name=middle_west_lane_candidate, minX=-118, minY=33, minZ=261, maxX=-71, maxY=67, maxZ=300, margin=8] eastBounds=UnitBounds[name=middle_east_lane_candidate, minX=-65, minY=19, minZ=268, maxX=-57, maxY=41, maxZ=300, margin=8]
[07:42:55] [Server thread/INFO] (Minecraft) [STDOUT]: [PollutedWorld] Middle lanes still collide spread=12 westBounds=UnitBounds[name=middle_west_lane_candidate, minX=-122, minY=33, minZ=261, maxX=-75, maxY=67, maxZ=300, margin=8] eastBounds=UnitBounds[name=middle_east_lane_candidate, minX=-61, minY=19, minZ=268, maxX=-53, maxY=41, maxZ=300, margin=8]
[07:42:55] [Server thread/INFO] (Minecraft) [STDOUT]: [PollutedWorld] Middle lanes separated spread=16 westConnect=BlockPos{x=-121, y=35, z=237} eastConnect=BlockPos{x=-60, y=35, z=237} westBounds=UnitBounds[name=middle_west_lane_candidate, minX=-126, minY=33, minZ=261, maxX=-79, maxY=67, maxZ=300, margin=8] eastBounds=UnitBounds[name=middle_east_lane_candidate, minX=-57, minY=19, minZ=268, maxX=-49, maxY=41, maxZ=300, margin=8]
[07:42:56] [Server thread/ERROR] (Minecraft) Block-attached entity at invalid position: BlockPos{x=-89, y=110, z=-147}
[07:42:56] [Server thread/ERROR] (Minecraft) Block-attached entity at invalid position: BlockPos{x=-89, y=110, z=-146}
[07:42:56] [Server thread/ERROR] (Minecraft) Block-attached entity at invalid position: BlockPos{x=-91, y=120, z=-151}
[07:42:56] [Server thread/ERROR] (Minecraft) Block-attached entity at invalid position: BlockPos{x=-91, y=120, z=-150}
[07:42:57] [Server thread/INFO] (Minecraft) [STDOUT]: ========== [PollutedWorld] FIRST_MIDDLE_LANE ==========
[07:42:57] [Server thread/INFO] (Minecraft) [STDOUT]: rail=rail_with_side_street
[07:42:57] [Server thread/INFO] (Minecraft) [STDOUT]: origin=BlockPos{x=-116, y=33, z=268}
[07:42:57] [Server thread/INFO] (Minecraft) [STDOUT]: rotation=CLOCKWISE_180
[07:42:57] [Server thread/INFO] (Minecraft) [STDOUT]: rail_in=BlockPos{x=-121, y=35, z=237}
[07:42:57] [Server thread/INFO] (Minecraft) [STDOUT]: rail_out=BlockPos{x=-121, y=35, z=268}
[07:42:57] [Server thread/INFO] (Minecraft) [STDOUT]: physicalInByZ=BlockPos{x=-121, y=35, z=237}
[07:42:57] [Server thread/INFO] (Minecraft) [STDOUT]: physicalOutByZ=BlockPos{x=-121, y=35, z=268}
[07:42:57] [Server thread/INFO] (Minecraft) [STDOUT]: bounds=UnitBounds[name=FIRST_MIDDLE_LANE_bounds, minX=-126, minY=33, minZ=261, maxX=-79, maxY=67, maxZ=300, margin=8]
[07:42:57] [Server thread/INFO] (Minecraft) [STDOUT]:   node=rail_with_side_street origin=BlockPos{x=-116, y=33, z=268} size=Vec3i{x=12, y=9, z=32} minX=-116 maxX=-104 minZ=268 maxZ=300
[07:42:57] [Server thread/INFO] (Minecraft) [STDOUT]:   node=west_side_dungeon_01 origin=BlockPos{x=-126, y=33, z=266} size=Vec3i{x=33, y=34, z=22} minX=-126 maxX=-93 minZ=266 maxZ=288
[07:42:57] [Server thread/INFO] (Minecraft) [STDOUT]:   node=east_side_dungeon_01 origin=BlockPos{x=-98, y=34, z=261} size=Vec3i{x=19, y=10, z=18} minX=-98 maxX=-79 minZ=261 maxZ=279
[07:42:57] [Server thread/INFO] (Minecraft) [STDOUT]: ========== [PollutedWorld] SECOND_MIDDLE_LANE ==========
[07:42:57] [Server thread/INFO] (Minecraft) [STDOUT]: rail=collapse_rail
[07:42:57] [Server thread/INFO] (Minecraft) [STDOUT]: origin=BlockPos{x=-57, y=19, z=268}
[07:42:57] [Server thread/INFO] (Minecraft) [STDOUT]: rotation=CLOCKWISE_180
[07:42:57] [Server thread/INFO] (Minecraft) [STDOUT]: rail_in=BlockPos{x=-60, y=35, z=237}
[07:42:57] [Server thread/INFO] (Minecraft) [STDOUT]: rail_out=BlockPos{x=-60, y=35, z=268}
[07:42:57] [Server thread/INFO] (Minecraft) [STDOUT]: physicalInByZ=BlockPos{x=-60, y=35, z=237}
[07:42:57] [Server thread/INFO] (Minecraft) [STDOUT]: physicalOutByZ=BlockPos{x=-60, y=35, z=268}
[07:42:57] [Server thread/INFO] (Minecraft) [STDOUT]: bounds=UnitBounds[name=SECOND_MIDDLE_LANE_bounds, minX=-57, minY=19, minZ=268, maxX=-49, maxY=41, maxZ=300, margin=8]
[07:42:57] [Server thread/INFO] (Minecraft) [STDOUT]:   node=collapse_rail origin=BlockPos{x=-57, y=19, z=268} size=Vec3i{x=8, y=22, z=32} minX=-57 maxX=-49 minZ=268 maxZ=300
[07:42:57] [Server thread/INFO] (Minecraft) [STDOUT]: ========== [PollutedWorld] STATION CONNECTS ==========
[07:42:57] [Server thread/INFO] (Minecraft) [STDOUT]: station westIn=BlockPos{x=-105, y=35, z=6}
[07:42:57] [Server thread/INFO] (Minecraft) [STDOUT]: station westOut=BlockPos{x=-105, y=35, z=173}
[07:42:57] [Server thread/INFO] (Minecraft) [STDOUT]: station eastIn=BlockPos{x=-76, y=35, z=6}
[07:42:57] [Server thread/INFO] (Minecraft) [STDOUT]: station eastOut=BlockPos{x=-76, y=35, z=173}
[07:42:57] [Server thread/INFO] (Minecraft) [STDOUT]: ========== [PollutedWorld] CONNECT RESULT ==========
[07:42:57] [Server thread/INFO] (Minecraft) [STDOUT]: middle westIn=BlockPos{x=-121, y=35, z=237}
[07:42:57] [Server thread/INFO] (Minecraft) [STDOUT]: middle westOut=BlockPos{x=-121, y=35, z=268}
[07:42:57] [Server thread/INFO] (Minecraft) [STDOUT]: middle eastIn=BlockPos{x=-60, y=35, z=237}
[07:42:57] [Server thread/INFO] (Minecraft) [STDOUT]: middle eastOut=BlockPos{x=-60, y=35, z=268}
[07:42:58] [Server thread/ERROR] (Minecraft) Block-attached entity at invalid position: BlockPos{x=-152, y=116, z=-82}
[07:42:58] [Server thread/ERROR] (Minecraft) Block-attached entity at invalid position: BlockPos{x=-151, y=116, z=-82}
[07:42:59] [Server thread/INFO] (Minecraft) [STDOUT]: [PollutedWorld] Station physical lanes westIn=BlockPos{x=-101, y=35, z=294} westOut=BlockPos{x=-101, y=35, z=460} eastIn=BlockPos{x=-71, y=35, z=294} eastOut=BlockPos{x=-71, y=35, z=460}
[07:42:59] [Server thread/INFO] (Minecraft) [STDOUT]: [PollutedWorld] Separated lane connectors dividerX=-90 westRouteX=-133 eastRouteX=-48
[07:42:59] [Server thread/INFO] (Minecraft) [STDOUT]: [PollutedWorld] Separated lane connectors dividerX=-86 westRouteX=-133 eastRouteX=-48
[07:42:59] [Server thread/INFO] (Minecraft) Changing view distance to 16, from 10
[07:42:59] [Server thread/INFO] (Minecraft) Changing simulation distance to 12, from 0
[07:42:59] [Render thread/INFO] (Minecraft) Resizing Dynamic Transforms UBO, capacity limit of 8 reached during a single frame. New capacity will be 16.
[07:42:59] [Render thread/INFO] (Minecraft) Resizing Chunk Sections UBO, capacity limit of 16 reached during a single frame. New capacity will be 32.
[07:42:59] [Render thread/INFO] (Minecraft) Resizing Chunk Sections UBO, capacity limit of 32 reached during a single frame. New capacity will be 64.
[07:43:00] [Render thread/INFO] (Minecraft) Resizing Chunk Sections UBO, capacity limit of 64 reached during a single frame. New capacity will be 128.
[07:43:00] [Server thread/WARN] (Minecraft) Can't keep up! Is the server overloaded? Running 9811ms or 196 ticks behind
[07:43:05] [Render thread/INFO] (Minecraft) Loaded 12 advancements
[07:43:24] [Render thread/INFO] (Minecraft) Resizing Chunk Sections UBO, capacity limit of 128 reached during a single frame. New capacity will be 256.
[07:43:24] [Render thread/INFO] (Minecraft) Resizing Chunk Sections UBO, capacity limit of 256 reached during a single frame. New capacity will be 512.
[07:43:24] [Render thread/INFO] (Minecraft) Resizing Chunk Sections UBO, capacity limit of 512 reached during a single frame. New capacity will be 1024.
[07:43:36] [Render thread/INFO] (Minecraft) Resizing Chunk Sections UBO, capacity limit of 1024 reached during a single frame. New capacity will be 2048.
[07:44:42] [Server thread/INFO] (Minecraft) Villager Villager['武器鍛冶'/663, l='ServerLevel[新規ワールド]', x=-78.50, y=46.05, z=40.70] died, message: '武器鍛冶は溺死した'
[07:44:42] [Render thread/INFO] (Minecraft) Villager Villager['武器鍛冶'/663, l='ClientLevel', x=-78.50, y=46.01, z=40.70] died, message: '武器鍛冶は死んだ'
[07:45:07] [Server thread/INFO] (Minecraft) Villager Villager['武器鍛冶'/587, l='ServerLevel[新規ワールド]', x=-77.40, y=46.05, z=40.70] died, message: '武器鍛冶は溺死した'
[07:45:07] [Render thread/INFO] (Minecraft) Villager Villager['武器鍛冶'/587, l='ClientLevel', x=-77.40, y=46.05, z=40.70] died, message: '武器鍛冶は死んだ'
[07:45:10] [Server thread/INFO] (Minecraft) Villager Villager['道具鍛冶'/664, l='ServerLevel[新規ワールド]', x=-78.44, y=46.05, z=40.70] died, message: '道具鍛冶は溺死した'
[07:45:10] [Render thread/INFO] (Minecraft) Villager Villager['道具鍛冶'/664, l='ClientLevel', x=-78.44, y=46.04, z=40.70] died, message: '道具鍛冶は死んだ'
[07:45:33] [Render thread/INFO] (Minecraft) Loaded 13 advancements
[07:49:42] [Server thread/INFO] (Minecraft) Saving and pausing game...
[07:49:42] [Server thread/INFO] (Minecraft) Saving chunks for level 'ServerLevel[新規ワールド]'/minecraft:overworld
[07:49:42] [Server thread/INFO] (Minecraft) Saving chunks for level 'ServerLevel[新規ワールド]'/minecraft:the_end
[07:49:42] [Server thread/INFO] (Minecraft) Saving chunks for level 'ServerLevel[新規ワールド]'/minecraft:the_nether
[07:49:42] [Server thread/INFO] (Minecraft) Stopping server
[07:49:42] [Server thread/INFO] (Minecraft) Saving players
[07:49:42] [Server thread/INFO] (Minecraft) Player55 lost connection: 切断されました
[07:49:42] [Server thread/INFO] (Minecraft) Player55がゲームを退出しました
[07:49:42] [Server thread/INFO] (Minecraft) Stopping singleplayer server as player logged out
[07:49:42] [Server thread/INFO] (Minecraft) Saving worlds
[07:49:43] [Server thread/INFO] (Minecraft) Saving chunks for level 'ServerLevel[新規ワールド]'/minecraft:overworld
[07:49:44] [Server thread/INFO] (Minecraft) Saving chunks for level 'ServerLevel[新規ワールド]'/minecraft:the_end
[07:49:44] [Server thread/INFO] (Minecraft) Saving chunks for level 'ServerLevel[新規ワールド]'/minecraft:the_nether
[07:49:44] [Server thread/INFO] (Minecraft) ThreadedAnvilChunkStorage (world): All chunks are saved
[07:49:44] [Server thread/INFO] (Minecraft) ThreadedAnvilChunkStorage (DIM1): All chunks are saved
[07:49:44] [Server thread/INFO] (Minecraft) ThreadedAnvilChunkStorage (DIM-1): All chunks are saved
[07:49:44] [Server thread/INFO] (Minecraft) ThreadedAnvilChunkStorage: All dimensions are saved
[07:49:48] [Render thread/INFO] (Minecraft) Deleting level 新規ワールド
[07:49:48] [Render thread/INFO] (Minecraft) Attempt 1...
[07:49:48] [Render thread/INFO] (Minecraft) Loaded 1520 recipes
[07:49:48] [Render thread/INFO] (Minecraft) Loaded 1617 advancements
[07:49:50] [Render thread/INFO] (terrablender) Initialized TerraBlender biomes for level stem minecraft:overworld
[07:49:50] [Render thread/INFO] (terrablender) Initialized TerraBlender biomes for level stem minecraft:the_nether
[07:49:50] [Render thread/INFO] (BiomeModificationImpl) Applied 0 biome modifications to 0 of 69 new biomes in 181.3 μs
[07:49:50] [Server thread/INFO] (Minecraft) Starting integrated minecraft server version 26.1.2
[07:49:50] [Server thread/INFO] (Minecraft) Generating keypair
[07:49:50] [Server thread/INFO] (Minecraft) Selecting global world spawn...
[07:49:51] [Server thread/INFO] (Minecraft) Loading 0 persistent chunks...
[07:49:51] [Server thread/INFO] (Minecraft) スポーン地点を準備中：16%
[07:49:51] [Server thread/INFO] (Minecraft) Saving chunks for level 'ServerLevel[新規ワールド]'/minecraft:overworld
[07:49:51] [Server thread/INFO] (Minecraft) Saving chunks for level 'ServerLevel[新規ワールド]'/minecraft:the_end
[07:49:51] [Server thread/INFO] (Minecraft) Saving chunks for level 'ServerLevel[新規ワールド]'/minecraft:the_nether
[07:49:52] [Server thread/INFO] (Minecraft) ThreadedAnvilChunkStorage (world): All chunks are saved
[07:49:52] [Server thread/INFO] (Minecraft) ThreadedAnvilChunkStorage (DIM1): All chunks are saved
[07:49:52] [Server thread/INFO] (Minecraft) ThreadedAnvilChunkStorage (DIM-1): All chunks are saved
[07:49:52] [Server thread/INFO] (Minecraft) ThreadedAnvilChunkStorage: All dimensions are saved
[07:49:52] [Server thread/INFO] (Minecraft) Loading 47 chunks for player spawn...
[07:49:52] [Server thread/INFO] (Minecraft) スポーン地点を準備中：16%
[07:49:52] [Server thread/INFO] (Minecraft) スポーン地点を準備中：16%
[07:49:52] [Server thread/INFO] (Minecraft) スポーン地点を準備中：16%
[07:49:52] [Server thread/INFO] (Minecraft) スポーン地点を準備中：29%
[07:49:53] [Server thread/INFO] (Minecraft) スポーン地点を準備中：100%
[07:49:53] [Server thread/INFO] (Minecraft) Time elapsed: 2540 ms
[07:49:53] [Server thread/INFO] (Minecraft) Player55[local:E:389375d3] logged in with entity id 2649 at (184.5, 68.0, 74.5)
[07:49:53] [Server thread/INFO] (Minecraft) Player55がゲームに参加しました
[07:49:53] [Server thread/INFO] (Minecraft) Changing view distance to 16, from 10
[07:49:53] [Server thread/INFO] (Minecraft) Changing simulation distance to 12, from 0
[07:49:53] [Render thread/INFO] (Minecraft) Loaded 2 advancements
[07:50:25] [Render thread/INFO] (Minecraft) Loaded 12 advancements
[07:50:46] [Server thread/INFO] (Minecraft) Saving and pausing game...
[07:50:46] [Server thread/INFO] (Minecraft) Saving chunks for level 'ServerLevel[新規ワールド]'/minecraft:overworld
[07:50:46] [Server thread/INFO] (Minecraft) Saving chunks for level 'ServerLevel[新規ワールド]'/minecraft:the_end
[07:50:46] [Server thread/INFO] (Minecraft) Saving chunks for level 'ServerLevel[新規ワールド]'/minecraft:the_nether
[07:50:47] [Server thread/INFO] (Minecraft) Stopping server
[07:50:47] [Server thread/INFO] (Minecraft) Saving players
[07:50:47] [Server thread/INFO] (Minecraft) Player55 lost connection: 切断されました
[07:50:47] [Server thread/INFO] (Minecraft) Player55がゲームを退出しました
[07:50:47] [Server thread/INFO] (Minecraft) Stopping singleplayer server as player logged out
[07:50:47] [Server thread/INFO] (Minecraft) Saving worlds
[07:50:47] [Server thread/INFO] (Minecraft) Saving chunks for level 'ServerLevel[新規ワールド]'/minecraft:overworld
[07:50:49] [Server thread/INFO] (Minecraft) Saving chunks for level 'ServerLevel[新規ワールド]'/minecraft:the_end
[07:50:49] [Server thread/INFO] (Minecraft) Saving chunks for level 'ServerLevel[新規ワールド]'/minecraft:the_nether
[07:50:49] [Server thread/INFO] (Minecraft) ThreadedAnvilChunkStorage (world): All chunks are saved
[07:50:49] [Server thread/INFO] (Minecraft) ThreadedAnvilChunkStorage (DIM1): All chunks are saved
[07:50:49] [Server thread/INFO] (Minecraft) ThreadedAnvilChunkStorage (DIM-1): All chunks are saved
[07:50:49] [Server thread/INFO] (Minecraft) ThreadedAnvilChunkStorage: All dimensions are saved
[07:50:51] [Render thread/INFO] (Minecraft) Stopping!
